Dataset,OpenML_ID,Feature_Interval,IR,IR_Category,Features,Model,Oversampler,Variant,SVM,Precision,Recall,AUC_PR,GMean
CPU small,735,10 < Features <= 30,2.3072,Low,12,DT,ADASYN,Baseline,--,0.7643 ± 0.0203,0.8397 ± 0.0134,0.6905 ± 0.0232,0.8634 ± 0.0121
CPU small,735,10 < Features <= 30,2.3072,Low,12,DT,BSSMOTE w/o ADASYN Linear,w/o ADASYN,Linear,0.7199 ± 0.0103,0.8983 ± 0.0212,0.6775 ± 0.0130,0.8730 ± 0.0095
CPU small,735,10 < Features <= 30,2.3072,Low,12,DT,BSSMOTE w/o ADASYN RBF,w/o ADASYN,RBF,0.7268 ± 0.0136,0.8926 ± 0.0177,0.6812 ± 0.0148,0.8732 ± 0.0093
CPU small,735,10 < Features <= 30,2.3072,Low,12,DT,BSSMOTE w/o Clustering Linear,w/o Clustering,Linear,0.8069 ± 0.0062,0.8115 ± 0.0136,0.7118 ± 0.0086,0.8620 ± 0.0069
CPU small,735,10 < Features <= 30,2.3072,Low,12,DT,BSSMOTE w/o Clustering RBF,w/o Clustering,RBF,0.8087 ± 0.0057,0.8123 ± 0.0188,0.7137 ± 0.0106,0.8629 ± 0.0092
CPU small,735,10 < Features <= 30,2.3072,Low,12,DT,BSSMOTE w/o SVM,w/o SVM,--,0.6981 ± 0.0147,0.8950 ± 0.0167,0.6565 ± 0.0152,0.8629 ± 0.0091
CPU small,735,10 < Features <= 30,2.3072,Low,12,DT,BorderlineSMOTE,Baseline,--,0.7755 ± 0.0142,0.8228 ± 0.0084,0.6916 ± 0.0111,0.8589 ± 0.0046
CPU small,735,10 < Features <= 30,2.3072,Low,12,DT,Full BSSMOTE Linear,Full BSSMOTE,Linear,0.7155 ± 0.0194,0.8958 ± 0.0257,0.6725 ± 0.0206,0.8701 ± 0.0129
CPU small,735,10 < Features <= 30,2.3072,Low,12,DT,Full BSSMOTE RBF,Full BSSMOTE,RBF,0.7130 ± 0.0084,0.8987 ± 0.0208,0.6713 ± 0.0036,0.8703 ± 0.0055
CPU small,735,10 < Features <= 30,2.3072,Low,12,DT,KMeansSMOTE,Baseline,--,0.8122 ± 0.0128,0.8155 ± 0.0211,0.7183 ± 0.0195,0.8653 ± 0.0126
CPU small,735,10 < Features <= 30,2.3072,Low,12,DT,None,None,--,0.8035 ± 0.0104,0.8102 ± 0.0232,0.7085 ± 0.0168,0.8605 ± 0.0125
CPU small,735,10 < Features <= 30,2.3072,Low,12,DT,SMOTE,Baseline,--,0.7797 ± 0.0110,0.8353 ± 0.0036,0.7011 ± 0.0091,0.8659 ± 0.0033
CPU small,735,10 < Features <= 30,2.3072,Low,12,DT,SVMSMOTE,Baseline,--,0.7858 ± 0.0121,0.8373 ± 0.0128,0.7071 ± 0.0095,0.8685 ± 0.0055
CPU small,735,10 < Features <= 30,2.3072,Low,12,LightGBM,ADASYN,Baseline,--,0.8492 ± 0.0130,0.8946 ± 0.0057,0.9565 ± 0.0038,0.9126 ± 0.0055
CPU small,735,10 < Features <= 30,2.3072,Low,12,LightGBM,BSSMOTE w/o ADASYN Linear,w/o ADASYN,Linear,0.7665 ± 0.0135,0.9249 ± 0.0139,0.9327 ± 0.0102,0.9009 ± 0.0055
CPU small,735,10 < Features <= 30,2.3072,Low,12,LightGBM,BSSMOTE w/o ADASYN RBF,w/o ADASYN,RBF,0.7606 ± 0.0126,0.9265 ± 0.0130,0.9313 ± 0.0092,0.8996 ± 0.0073
CPU small,735,10 < Features <= 30,2.3072,Low,12,LightGBM,BSSMOTE w/o Clustering Linear,w/o Clustering,Linear,0.8855 ± 0.0098,0.8644 ± 0.0114,0.9585 ± 0.0036,0.9069 ± 0.0057
CPU small,735,10 < Features <= 30,2.3072,Low,12,LightGBM,BSSMOTE w/o Clustering RBF,w/o Clustering,RBF,0.8846 ± 0.0090,0.8720 ± 0.0121,0.9588 ± 0.0035,0.9105 ± 0.0063
CPU small,735,10 < Features <= 30,2.3072,Low,12,LightGBM,BSSMOTE w/o SVM,w/o SVM,--,0.7345 ± 0.0151,0.9398 ± 0.0132,0.9336 ± 0.0068,0.8950 ± 0.0036
CPU small,735,10 < Features <= 30,2.3072,Low,12,LightGBM,BorderlineSMOTE,Baseline,--,0.8442 ± 0.0090,0.9047 ± 0.0055,0.9555 ± 0.0035,0.9161 ± 0.0021
CPU small,735,10 < Features <= 30,2.3072,Low,12,LightGBM,Full BSSMOTE Linear,Full BSSMOTE,Linear,0.7615 ± 0.0123,0.9233 ± 0.0122,0.9321 ± 0.0095,0.8985 ± 0.0058
CPU small,735,10 < Features <= 30,2.3072,Low,12,LightGBM,Full BSSMOTE RBF,Full BSSMOTE,RBF,0.7562 ± 0.0140,0.9278 ± 0.0157,0.9309 ± 0.0080,0.8984 ± 0.0064
CPU small,735,10 < Features <= 30,2.3072,Low,12,LightGBM,KMeansSMOTE,Baseline,--,0.8900 ± 0.0153,0.8631 ± 0.0111,0.9589 ± 0.0048,0.9072 ± 0.0054
CPU small,735,10 < Features <= 30,2.3072,Low,12,LightGBM,None,None,--,0.8982 ± 0.0086,0.8583 ± 0.0123,0.9587 ± 0.0045,0.9067 ± 0.0065
CPU small,735,10 < Features <= 30,2.3072,Low,12,LightGBM,SMOTE,Baseline,--,0.8666 ± 0.0043,0.8890 ± 0.0081,0.9581 ± 0.0044,0.9144 ± 0.0029
CPU small,735,10 < Features <= 30,2.3072,Low,12,LightGBM,SVMSMOTE,Baseline,--,0.8519 ± 0.0055,0.9011 ± 0.0080,0.9589 ± 0.0022,0.9164 ± 0.0047
CPU small,735,10 < Features <= 30,2.3072,Low,12,RF,ADASYN,Baseline,--,0.8193 ± 0.0054,0.9007 ± 0.0082,0.9416 ± 0.0055,0.9073 ± 0.0050
CPU small,735,10 < Features <= 30,2.3072,Low,12,RF,BSSMOTE w/o ADASYN Linear,w/o ADASYN,Linear,0.7631 ± 0.0175,0.9253 ± 0.0101,0.9373 ± 0.0065,0.8999 ± 0.0045
CPU small,735,10 < Features <= 30,2.3072,Low,12,RF,BSSMOTE w/o ADASYN RBF,w/o ADASYN,RBF,0.7566 ± 0.0173,0.9277 ± 0.0134,0.9409 ± 0.0041,0.8985 ± 0.0041
CPU small,735,10 < Features <= 30,2.3072,Low,12,RF,BSSMOTE w/o Clustering Linear,w/o Clustering,Linear,0.8825 ± 0.0076,0.8543 ± 0.0158,0.9520 ± 0.0033,0.9011 ± 0.0072
CPU small,735,10 < Features <= 30,2.3072,Low,12,RF,BSSMOTE w/o Clustering RBF,w/o Clustering,RBF,0.8803 ± 0.0044,0.8547 ± 0.0145,0.9509 ± 0.0045,0.9009 ± 0.0072
CPU small,735,10 < Features <= 30,2.3072,Low,12,RF,BSSMOTE w/o SVM,w/o SVM,--,0.7332 ± 0.0144,0.9479 ± 0.0145,0.9338 ± 0.0089,0.8977 ± 0.0039
CPU small,735,10 < Features <= 30,2.3072,Low,12,RF,BorderlineSMOTE,Baseline,--,0.8246 ± 0.0097,0.9031 ± 0.0057,0.9407 ± 0.0040,0.9099 ± 0.0047
CPU small,735,10 < Features <= 30,2.3072,Low,12,RF,Full BSSMOTE Linear,Full BSSMOTE,Linear,0.7619 ± 0.0188,0.9237 ± 0.0101,0.9376 ± 0.0060,0.8987 ± 0.0049
CPU small,735,10 < Features <= 30,2.3072,Low,12,RF,Full BSSMOTE RBF,Full BSSMOTE,RBF,0.7569 ± 0.0168,0.9342 ± 0.0065,0.9400 ± 0.0044,0.9013 ± 0.0041
CPU small,735,10 < Features <= 30,2.3072,Low,12,RF,KMeansSMOTE,Baseline,--,0.8905 ± 0.0141,0.8425 ± 0.0062,0.9511 ± 0.0054,0.8970 ± 0.0052
CPU small,735,10 < Features <= 30,2.3072,Low,12,RF,None,None,--,0.9045 ± 0.0025,0.8377 ± 0.0140,0.9525 ± 0.0040,0.8976 ± 0.0071
CPU small,735,10 < Features <= 30,2.3072,Low,12,RF,SMOTE,Baseline,--,0.8594 ± 0.0049,0.8757 ± 0.0093,0.9504 ± 0.0034,0.9062 ± 0.0047
CPU small,735,10 < Features <= 30,2.3072,Low,12,RF,SVMSMOTE,Baseline,--,0.8256 ± 0.0086,0.9132 ± 0.0092,0.9474 ± 0.0029,0.9148 ± 0.0063
Diabetes (DIS),40713,10 < Features <= 30,64.0345,Extreme,29,DT,ADASYN,Baseline,--,0.3485 ± 0.0947,0.5318 ± 0.1374,0.2025 ± 0.1060,0.7191 ± 0.0907
Diabetes (DIS),40713,10 < Features <= 30,64.0345,Extreme,29,DT,BSSMOTE w/o ADASYN Linear,w/o ADASYN,Linear,0.1390 ± 0.0984,0.6015 ± 0.0890,0.0831 ± 0.0386,0.7399 ± 0.0425
Diabetes (DIS),40713,10 < Features <= 30,64.0345,Extreme,29,DT,BSSMOTE w/o ADASYN RBF,w/o ADASYN,RBF,0.1085 ± 0.0247,0.6197 ± 0.0537,0.0727 ± 0.0149,0.7521 ± 0.0275
Diabetes (DIS),40713,10 < Features <= 30,64.0345,Extreme,29,DT,BSSMOTE w/o Clustering Linear,w/o Clustering,Linear,0.5343 ± 0.1155,0.5152 ± 0.1237,0.2918 ± 0.1137,0.7110 ± 0.0874
Diabetes (DIS),40713,10 < Features <= 30,64.0345,Extreme,29,DT,BSSMOTE w/o Clustering RBF,w/o Clustering,RBF,0.5093 ± 0.2212,0.4818 ± 0.1232,0.2699 ± 0.1605,0.6866 ± 0.0920
Diabetes (DIS),40713,10 < Features <= 30,64.0345,Extreme,29,DT,BSSMOTE w/o SVM,w/o SVM,--,0.2068 ± 0.0882,0.5515 ± 0.1386,0.1285 ± 0.0730,0.7247 ± 0.0924
Diabetes (DIS),40713,10 < Features <= 30,64.0345,Extreme,29,DT,BorderlineSMOTE,Baseline,--,0.4351 ± 0.0938,0.4818 ± 0.0907,0.2225 ± 0.0729,0.6882 ± 0.0663
Diabetes (DIS),40713,10 < Features <= 30,64.0345,Extreme,29,DT,Full BSSMOTE Linear,Full BSSMOTE,Linear,0.1490 ± 0.0933,0.6197 ± 0.1056,0.0917 ± 0.0358,0.7539 ± 0.0570
Diabetes (DIS),40713,10 < Features <= 30,64.0345,Extreme,29,DT,Full BSSMOTE RBF,Full BSSMOTE,RBF,0.0980 ± 0.0142,0.5849 ± 0.0495,0.0633 ± 0.0061,0.7300 ± 0.0232
Diabetes (DIS),40713,10 < Features <= 30,64.0345,Extreme,29,DT,KMeansSMOTE,Baseline,--,0.4005 ± 0.1264,0.4651 ± 0.1110,0.2015 ± 0.0918,0.6740 ± 0.0829
Diabetes (DIS),40713,10 < Features <= 30,64.0345,Extreme,29,DT,None,None,--,0.4964 ± 0.1649,0.4803 ± 0.1691,0.2666 ± 0.1522,0.6812 ± 0.1270
Diabetes (DIS),40713,10 < Features <= 30,64.0345,Extreme,29,DT,SMOTE,Baseline,--,0.3360 ± 0.0285,0.6015 ± 0.0851,0.2093 ± 0.0406,0.7669 ± 0.0517
Diabetes (DIS),40713,10 < Features <= 30,64.0345,Extreme,29,DT,SVMSMOTE,Baseline,--,0.4594 ± 0.0774,0.5152 ± 0.1237,0.2497 ± 0.0830,0.7101 ± 0.0869
Diabetes (DIS),40713,10 < Features <= 30,64.0345,Extreme,29,LightGBM,ADASYN,Baseline,--,0.5465 ± 0.1054,0.6197 ± 0.1295,0.6217 ± 0.0716,0.7807 ± 0.0790
Diabetes (DIS),40713,10 < Features <= 30,64.0345,Extreme,29,LightGBM,BSSMOTE w/o ADASYN Linear,w/o ADASYN,Linear,0.7471 ± 0.0642,0.5000 ± 0.0671,0.6681 ± 0.0650,0.7049 ± 0.0475
Diabetes (DIS),40713,10 < Features <= 30,64.0345,Extreme,29,LightGBM,BSSMOTE w/o ADASYN RBF,w/o ADASYN,RBF,0.7197 ± 0.1357,0.4470 ± 0.1598,0.6636 ± 0.1330,0.6591 ± 0.1188
Diabetes (DIS),40713,10 < Features <= 30,64.0345,Extreme,29,LightGBM,BSSMOTE w/o Clustering Linear,w/o Clustering,Linear,0.8295 ± 0.0286,0.4970 ± 0.1100,0.6940 ± 0.0832,0.7010 ± 0.0768
Diabetes (DIS),40713,10 < Features <= 30,64.0345,Extreme,29,LightGBM,BSSMOTE w/o Clustering RBF,w/o Clustering,RBF,0.8317 ± 0.1222,0.4818 ± 0.0907,0.6872 ± 0.0858,0.6910 ± 0.0663
Diabetes (DIS),40713,10 < Features <= 30,64.0345,Extreme,29,LightGBM,BSSMOTE w/o SVM,w/o SVM,--,0.4733 ± 0.0948,0.6727 ± 0.1224,0.6099 ± 0.0905,0.8124 ± 0.0753
Diabetes (DIS),40713,10 < Features <= 30,64.0345,Extreme,29,LightGBM,BorderlineSMOTE,Baseline,--,0.6805 ± 0.1409,0.5682 ± 0.0897,0.6629 ± 0.0997,0.7503 ± 0.0606
Diabetes (DIS),40713,10 < Features <= 30,64.0345,Extreme,29,LightGBM,Full BSSMOTE Linear,Full BSSMOTE,Linear,0.6757 ± 0.1848,0.4637 ± 0.1490,0.6149 ± 0.0935,0.6722 ± 0.1100
Diabetes (DIS),40713,10 < Features <= 30,64.0345,Extreme,29,LightGBM,Full BSSMOTE RBF,Full BSSMOTE,RBF,0.3723 ± 0.2819,0.4970 ± 0.1300,0.4588 ± 0.1645,0.6923 ± 0.0999
Diabetes (DIS),40713,10 < Features <= 30,64.0345,Extreme,29,LightGBM,KMeansSMOTE,Baseline,--,0.6667 ± 0.0786,0.5515 ± 0.0938,0.6235 ± 0.0775,0.7389 ± 0.0625
Diabetes (DIS),40713,10 < Features <= 30,64.0345,Extreme,29,LightGBM,None,None,--,0.7936 ± 0.0767,0.4636 ± 0.0836,0.6862 ± 0.0951,0.6781 ± 0.0609
Diabetes (DIS),40713,10 < Features <= 30,64.0345,Extreme,29,LightGBM,SMOTE,Baseline,--,0.6093 ± 0.0614,0.6545 ± 0.1034,0.6067 ± 0.0733,0.8044 ± 0.0607
Diabetes (DIS),40713,10 < Features <= 30,64.0345,Extreme,29,LightGBM,SVMSMOTE,Baseline,--,0.6322 ± 0.1472,0.5864 ± 0.0673,0.6745 ± 0.1057,0.7626 ± 0.0450
Diabetes (DIS),40713,10 < Features <= 30,64.0345,Extreme,29,RF,ADASYN,Baseline,--,0.5555 ± 0.1136,0.4636 ± 0.0836,0.5334 ± 0.0993,0.6765 ± 0.0599
Diabetes (DIS),40713,10 < Features <= 30,64.0345,Extreme,29,RF,BSSMOTE w/o ADASYN Linear,w/o ADASYN,Linear,0.1527 ± 0.1849,0.1182 ± 0.0944,0.1387 ± 0.0991,0.2943 ± 0.1858
Diabetes (DIS),40713,10 < Features <= 30,64.0345,Extreme,29,RF,BSSMOTE w/o ADASYN RBF,w/o ADASYN,RBF,0.2357 ± 0.2710,0.1515 ± 0.1226,0.1803 ± 0.1235,0.3366 ± 0.2126
Diabetes (DIS),40713,10 < Features <= 30,64.0345,Extreme,29,RF,BSSMOTE w/o Clustering Linear,w/o Clustering,Linear,0.4000 ± 0.4183,0.0682 ± 0.0703,0.5914 ± 0.1472,0.1996 ± 0.1880
Diabetes (DIS),40713,10 < Features <= 30,64.0345,Extreme,29,RF,BSSMOTE w/o Clustering RBF,w/o Clustering,RBF,0.5333 ± 0.5055,0.1000 ± 0.0913,0.5671 ± 0.1791,0.2449 ± 0.2235
Diabetes (DIS),40713,10 < Features <= 30,64.0345,Extreme,29,RF,BSSMOTE w/o SVM,w/o SVM,--,0.4441 ± 0.0444,0.5303 ± 0.1338,0.4856 ± 0.1240,0.7195 ± 0.0914
Diabetes (DIS),40713,10 < Features <= 30,64.0345,Extreme,29,RF,BorderlineSMOTE,Baseline,--,0.5870 ± 0.1059,0.3924 ± 0.1287,0.5678 ± 0.1288,0.6185 ± 0.1010
Diabetes (DIS),40713,10 < Features <= 30,64.0345,Extreme,29,RF,Full BSSMOTE Linear,Full BSSMOTE,Linear,0.1467 ± 0.2921,0.1000 ± 0.1491,0.1748 ± 0.1267,0.1954 ± 0.2747
Diabetes (DIS),40713,10 < Features <= 30,64.0345,Extreme,29,RF,Full BSSMOTE RBF,Full BSSMOTE,RBF,0.0527 ± 0.0364,0.1364 ± 0.0721,0.0863 ± 0.0336,0.3506 ± 0.0895
Diabetes (DIS),40713,10 < Features <= 30,64.0345,Extreme,29,RF,KMeansSMOTE,Baseline,--,0.6295 ± 0.0831,0.3606 ± 0.1031,0.5036 ± 0.0978,0.5946 ± 0.0857
Diabetes (DIS),40713,10 < Features <= 30,64.0345,Extreme,29,RF,None,None,--,0.6000 ± 0.4183,0.1015 ± 0.0694,0.5799 ± 0.1569,0.2812 ± 0.1671
Diabetes (DIS),40713,10 < Features <= 30,64.0345,Extreme,29,RF,SMOTE,Baseline,--,0.5604 ± 0.1211,0.4818 ± 0.0640,0.5226 ± 0.0770,0.6907 ± 0.0444
Diabetes (DIS),40713,10 < Features <= 30,64.0345,Extreme,29,RF,SVMSMOTE,Baseline,--,0.5928 ± 0.1780,0.3924 ± 0.1287,0.5349 ± 0.1199,0.6186 ± 0.1013
Elevators,846,10 < Features <= 30,2.2357,Low,18,DT,ADASYN,Baseline,--,0.6702 ± 0.0198,0.7195 ± 0.0096,0.5689 ± 0.0155,0.7780 ± 0.0089
Elevators,846,10 < Features <= 30,2.2357,Low,18,DT,BSSMOTE w/o ADASYN Linear,w/o ADASYN,Linear,0.6200 ± 0.0126,0.7573 ± 0.0182,0.5447 ± 0.0143,0.7746 ± 0.0116
Elevators,846,10 < Features <= 30,2.2357,Low,18,DT,BSSMOTE w/o ADASYN RBF,w/o ADASYN,RBF,0.6158 ± 0.0145,0.7561 ± 0.0165,0.5411 ± 0.0155,0.7723 ± 0.0121
Elevators,846,10 < Features <= 30,2.2357,Low,18,DT,BSSMOTE w/o Clustering Linear,w/o Clustering,Linear,0.6805 ± 0.0154,0.6994 ± 0.0179,0.5687 ± 0.0090,0.7722 ± 0.0068
Elevators,846,10 < Features <= 30,2.2357,Low,18,DT,BSSMOTE w/o Clustering RBF,w/o Clustering,RBF,0.6834 ± 0.0173,0.7055 ± 0.0187,0.5731 ± 0.0126,0.7759 ± 0.0091
Elevators,846,10 < Features <= 30,2.2357,Low,18,DT,BSSMOTE w/o SVM,w/o SVM,--,0.6209 ± 0.0103,0.7620 ± 0.0247,0.5468 ± 0.0128,0.7767 ± 0.0117
Elevators,846,10 < Features <= 30,2.2357,Low,18,DT,BorderlineSMOTE,Baseline,--,0.6692 ± 0.0097,0.7066 ± 0.0116,0.5634 ± 0.0039,0.7720 ± 0.0028
Elevators,846,10 < Features <= 30,2.2357,Low,18,DT,Full BSSMOTE Linear,Full BSSMOTE,Linear,0.6201 ± 0.0148,0.7577 ± 0.0205,0.5449 ± 0.0160,0.7748 ± 0.0129
Elevators,846,10 < Features <= 30,2.2357,Low,18,DT,Full BSSMOTE RBF,Full BSSMOTE,RBF,0.6103 ± 0.0120,0.7552 ± 0.0172,0.5367 ± 0.0130,0.7695 ± 0.0107
Elevators,846,10 < Features <= 30,2.2357,Low,18,DT,KMeansSMOTE,Baseline,--,0.6754 ± 0.0133,0.6961 ± 0.0168,0.5640 ± 0.0087,0.7692 ± 0.0069
Elevators,846,10 < Features <= 30,2.2357,Low,18,DT,None,None,--,0.6834 ± 0.0075,0.6969 ± 0.0155,0.5698 ± 0.0038,0.7720 ± 0.0057
Elevators,846,10 < Features <= 30,2.2357,Low,18,DT,SMOTE,Baseline,--,0.6675 ± 0.0163,0.7047 ± 0.0182,0.5618 ± 0.0160,0.7706 ± 0.0119
Elevators,846,10 < Features <= 30,2.2357,Low,18,DT,SVMSMOTE,Baseline,--,0.6523 ± 0.0102,0.7049 ± 0.0122,0.5509 ± 0.0077,0.7657 ± 0.0059
Elevators,846,10 < Features <= 30,2.2357,Low,18,LightGBM,ADASYN,Baseline,--,0.8734 ± 0.0198,0.7575 ± 0.0094,0.9082 ± 0.0055,0.8486 ± 0.0034
Elevators,846,10 < Features <= 30,2.2357,Low,18,LightGBM,BSSMOTE w/o ADASYN Linear,w/o ADASYN,Linear,0.7617 ± 0.0115,0.7965 ± 0.0149,0.8725 ± 0.0083,0.8412 ± 0.0074
Elevators,846,10 < Features <= 30,2.2357,Low,18,LightGBM,BSSMOTE w/o ADASYN RBF,w/o ADASYN,RBF,0.7633 ± 0.0114,0.7982 ± 0.0160,0.8723 ± 0.0095,0.8424 ± 0.0081
Elevators,846,10 < Features <= 30,2.2357,Low,18,LightGBM,BSSMOTE w/o Clustering Linear,w/o Clustering,Linear,0.9034 ± 0.0149,0.7185 ± 0.0238,0.9074 ± 0.0040,0.8328 ± 0.0125
Elevators,846,10 < Features <= 30,2.2357,Low,18,LightGBM,BSSMOTE w/o Clustering RBF,w/o Clustering,RBF,0.9014 ± 0.0150,0.7206 ± 0.0207,0.9074 ± 0.0041,0.8337 ± 0.0103
Elevators,846,10 < Features <= 30,2.2357,Low,18,LightGBM,BSSMOTE w/o SVM,w/o SVM,--,0.7479 ± 0.0067,0.8206 ± 0.0102,0.8792 ± 0.0084,0.8480 ± 0.0044
Elevators,846,10 < Features <= 30,2.2357,Low,18,LightGBM,BorderlineSMOTE,Baseline,--,0.8712 ± 0.0145,0.7602 ± 0.0095,0.9072 ± 0.0056,0.8496 ± 0.0034
Elevators,846,10 < Features <= 30,2.2357,Low,18,LightGBM,Full BSSMOTE Linear,Full BSSMOTE,Linear,0.7605 ± 0.0118,0.7977 ± 0.0178,0.8723 ± 0.0091,0.8414 ± 0.0099
Elevators,846,10 < Features <= 30,2.2357,Low,18,LightGBM,Full BSSMOTE RBF,Full BSSMOTE,RBF,0.7597 ± 0.0115,0.7963 ± 0.0159,0.8724 ± 0.0098,0.8405 ± 0.0069
Elevators,846,10 < Features <= 30,2.2357,Low,18,LightGBM,KMeansSMOTE,Baseline,--,0.8968 ± 0.0187,0.7226 ± 0.0183,0.9058 ± 0.0049,0.8339 ± 0.0083
Elevators,846,10 < Features <= 30,2.2357,Low,18,LightGBM,None,None,--,0.9061 ± 0.0118,0.7199 ± 0.0177,0.9080 ± 0.0037,0.8341 ± 0.0087
Elevators,846,10 < Features <= 30,2.2357,Low,18,LightGBM,SMOTE,Baseline,--,0.8799 ± 0.0174,0.7497 ± 0.0113,0.9067 ± 0.0049,0.8457 ± 0.0051
Elevators,846,10 < Features <= 30,2.2357,Low,18,LightGBM,SVMSMOTE,Baseline,--,0.8488 ± 0.0169,0.7657 ± 0.0103,0.9022 ± 0.0043,0.8478 ± 0.0043
Elevators,846,10 < Features <= 30,2.2357,Low,18,RF,ADASYN,Baseline,--,0.8326 ± 0.0201,0.7096 ± 0.0131,0.8672 ± 0.0069,0.8148 ± 0.0054
Elevators,846,10 < Features <= 30,2.2357,Low,18,RF,BSSMOTE w/o ADASYN Linear,w/o ADASYN,Linear,0.7371 ± 0.0165,0.7476 ± 0.0176,0.8305 ± 0.0095,0.8113 ± 0.0095
Elevators,846,10 < Features <= 30,2.2357,Low,18,RF,BSSMOTE w/o ADASYN RBF,w/o ADASYN,RBF,0.7298 ± 0.0169,0.7524 ± 0.0176,0.8343 ± 0.0074,0.8115 ± 0.0106
Elevators,846,10 < Features <= 30,2.2357,Low,18,RF,BSSMOTE w/o Clustering Linear,w/o Clustering,Linear,0.8740 ± 0.0137,0.6505 ± 0.0225,0.8632 ± 0.0052,0.7892 ± 0.0120
Elevators,846,10 < Features <= 30,2.2357,Low,18,RF,BSSMOTE w/o Clustering RBF,w/o Clustering,RBF,0.8711 ± 0.0156,0.6593 ± 0.0227,0.8639 ± 0.0036,0.7938 ± 0.0113
Elevators,846,10 < Features <= 30,2.2357,Low,18,RF,BSSMOTE w/o SVM,w/o SVM,--,0.7238 ± 0.0122,0.7756 ± 0.0124,0.8424 ± 0.0092,0.8203 ± 0.0081
Elevators,846,10 < Features <= 30,2.2357,Low,18,RF,BorderlineSMOTE,Baseline,--,0.8316 ± 0.0182,0.7047 ± 0.0182,0.8652 ± 0.0066,0.8120 ± 0.0084
Elevators,846,10 < Features <= 30,2.2357,Low,18,RF,Full BSSMOTE Linear,Full BSSMOTE,Linear,0.7335 ± 0.0162,0.7474 ± 0.0166,0.8303 ± 0.0099,0.8101 ± 0.0088
Elevators,846,10 < Features <= 30,2.2357,Low,18,RF,Full BSSMOTE RBF,Full BSSMOTE,RBF,0.7299 ± 0.0145,0.7516 ± 0.0157,0.8309 ± 0.0101,0.8112 ± 0.0093
Elevators,846,10 < Features <= 30,2.2357,Low,18,RF,KMeansSMOTE,Baseline,--,0.8605 ± 0.0142,0.6589 ± 0.0178,0.8608 ± 0.0043,0.7919 ± 0.0084
Elevators,846,10 < Features <= 30,2.2357,Low,18,RF,None,None,--,0.8720 ± 0.0150,0.6528 ± 0.0141,0.8637 ± 0.0036,0.7904 ± 0.0074
Elevators,846,10 < Features <= 30,2.2357,Low,18,RF,SMOTE,Baseline,--,0.8407 ± 0.0161,0.6895 ± 0.0195,0.8637 ± 0.0046,0.8055 ± 0.0087
Elevators,846,10 < Features <= 30,2.2357,Low,18,RF,SVMSMOTE,Baseline,--,0.8134 ± 0.0180,0.7029 ± 0.0142,0.8580 ± 0.0050,0.8074 ± 0.0059
Vehicle,994,10 < Features <= 30,2.8807,Low,18,DT,ADASYN,Baseline,--,0.9045 ± 0.0803,0.9036 ± 0.0745,0.8467 ± 0.1174,0.9343 ± 0.0522
Vehicle,994,10 < Features <= 30,2.8807,Low,18,DT,BSSMOTE w/o ADASYN Linear,w/o ADASYN,Linear,0.8809 ± 0.0601,0.9127 ± 0.0594,0.8289 ± 0.0896,0.9344 ± 0.0397
Vehicle,994,10 < Features <= 30,2.8807,Low,18,DT,BSSMOTE w/o ADASYN RBF,w/o ADASYN,RBF,0.8803 ± 0.0454,0.9127 ± 0.0730,0.8275 ± 0.0804,0.9341 ± 0.0421
Vehicle,994,10 < Features <= 30,2.8807,Low,18,DT,BSSMOTE w/o Clustering Linear,w/o Clustering,Linear,0.9335 ± 0.0500,0.9356 ± 0.0378,0.8904 ± 0.0599,0.9555 ± 0.0233
Vehicle,994,10 < Features <= 30,2.8807,Low,18,DT,BSSMOTE w/o Clustering RBF,w/o Clustering,RBF,0.9328 ± 0.0473,0.9308 ± 0.0521,0.8864 ± 0.0644,0.9529 ± 0.0298
Vehicle,994,10 < Features <= 30,2.8807,Low,18,DT,BSSMOTE w/o SVM,w/o SVM,--,0.9198 ± 0.0466,0.9447 ± 0.0422,0.8845 ± 0.0710,0.9578 ± 0.0287
Vehicle,994,10 < Features <= 30,2.8807,Low,18,DT,BorderlineSMOTE,Baseline,--,0.9324 ± 0.0455,0.9264 ± 0.0345,0.8828 ± 0.0510,0.9508 ± 0.0201
Vehicle,994,10 < Features <= 30,2.8807,Low,18,DT,Full BSSMOTE Linear,Full BSSMOTE,Linear,0.8770 ± 0.0452,0.9127 ± 0.0473,0.8240 ± 0.0644,0.9336 ± 0.0293
Vehicle,994,10 < Features <= 30,2.8807,Low,18,DT,Full BSSMOTE RBF,Full BSSMOTE,RBF,0.8856 ± 0.0433,0.9217 ± 0.0583,0.8376 ± 0.0714,0.9397 ± 0.0346
Vehicle,994,10 < Features <= 30,2.8807,Low,18,DT,KMeansSMOTE,Baseline,--,0.9232 ± 0.0387,0.9309 ± 0.0464,0.8780 ± 0.0614,0.9515 ± 0.0281
Vehicle,994,10 < Features <= 30,2.8807,Low,18,DT,None,None,--,0.9298 ± 0.0506,0.9356 ± 0.0552,0.8863 ± 0.0597,0.9545 ± 0.0292
Vehicle,994,10 < Features <= 30,2.8807,Low,18,DT,SMOTE,Baseline,--,0.9226 ± 0.0309,0.9036 ± 0.0527,0.8574 ± 0.0175,0.9372 ± 0.0223
Vehicle,994,10 < Features <= 30,2.8807,Low,18,DT,SVMSMOTE,Baseline,--,0.9125 ± 0.0619,0.9310 ± 0.0400,0.8686 ± 0.0796,0.9493 ± 0.0290
Vehicle,994,10 < Features <= 30,2.8807,Low,18,LightGBM,ADASYN,Baseline,--,0.9686 ± 0.0252,0.9815 ± 0.0194,0.9946 ± 0.0056,0.9851 ± 0.0122
Vehicle,994,10 < Features <= 30,2.8807,Low,18,LightGBM,BSSMOTE w/o ADASYN Linear,w/o ADASYN,Linear,0.9697 ± 0.0357,0.9862 ± 0.0207,0.9937 ± 0.0084,0.9874 ± 0.0101
Vehicle,994,10 < Features <= 30,2.8807,Low,18,LightGBM,BSSMOTE w/o ADASYN RBF,w/o ADASYN,RBF,0.9614 ± 0.0435,0.9770 ± 0.0285,0.9944 ± 0.0051,0.9811 ± 0.0135
Vehicle,994,10 < Features <= 30,2.8807,Low,18,LightGBM,BSSMOTE w/o Clustering Linear,w/o Clustering,Linear,0.9821 ± 0.0290,0.9630 ± 0.0454,0.9967 ± 0.0032,0.9780 ± 0.0228
Vehicle,994,10 < Features <= 30,2.8807,Low,18,LightGBM,BSSMOTE w/o Clustering RBF,w/o Clustering,RBF,0.9691 ± 0.0333,0.9723 ± 0.0255,0.9965 ± 0.0032,0.9804 ± 0.0131
Vehicle,994,10 < Features <= 30,2.8807,Low,18,LightGBM,BSSMOTE w/o SVM,w/o SVM,--,0.9733 ± 0.0290,0.9815 ± 0.0194,0.9940 ± 0.0071,0.9859 ± 0.0112
Vehicle,994,10 < Features <= 30,2.8807,Low,18,LightGBM,BorderlineSMOTE,Baseline,--,0.9688 ± 0.0337,0.9723 ± 0.0195,0.9947 ± 0.0049,0.9805 ± 0.0130
Vehicle,994,10 < Features <= 30,2.8807,Low,18,LightGBM,Full BSSMOTE Linear,Full BSSMOTE,Linear,0.9651 ± 0.0395,0.9722 ± 0.0382,0.9938 ± 0.0068,0.9795 ± 0.0193
Vehicle,994,10 < Features <= 30,2.8807,Low,18,LightGBM,Full BSSMOTE RBF,Full BSSMOTE,RBF,0.9607 ± 0.0470,0.9723 ± 0.0195,0.9938 ± 0.0074,0.9789 ± 0.0156
Vehicle,994,10 < Features <= 30,2.8807,Low,18,LightGBM,KMeansSMOTE,Baseline,--,0.9730 ± 0.0291,0.9816 ± 0.0103,0.9935 ± 0.0087,0.9860 ± 0.0090
Vehicle,994,10 < Features <= 30,2.8807,Low,18,LightGBM,None,None,--,0.9695 ± 0.0440,0.9631 ± 0.0352,0.9965 ± 0.0032,0.9757 ± 0.0178
Vehicle,994,10 < Features <= 30,2.8807,Low,18,LightGBM,SMOTE,Baseline,--,0.9679 ± 0.0258,0.9676 ± 0.0311,0.9956 ± 0.0035,0.9781 ± 0.0184
Vehicle,994,10 < Features <= 30,2.8807,Low,18,LightGBM,SVMSMOTE,Baseline,--,0.9690 ± 0.0333,0.9724 ± 0.0192,0.9957 ± 0.0040,0.9805 ± 0.0110
Vehicle,994,10 < Features <= 30,2.8807,Low,18,RF,ADASYN,Baseline,--,0.9691 ± 0.0366,0.9723 ± 0.0302,0.9950 ± 0.0040,0.9804 ± 0.0163
Vehicle,994,10 < Features <= 30,2.8807,Low,18,RF,BSSMOTE w/o ADASYN Linear,w/o ADASYN,Linear,0.9591 ± 0.0293,0.9633 ± 0.0259,0.9939 ± 0.0041,0.9744 ± 0.0161
Vehicle,994,10 < Features <= 30,2.8807,Low,18,RF,BSSMOTE w/o ADASYN RBF,w/o ADASYN,RBF,0.9732 ± 0.0290,0.9770 ± 0.0164,0.9960 ± 0.0035,0.9836 ± 0.0097
Vehicle,994,10 < Features <= 30,2.8807,Low,18,RF,BSSMOTE w/o Clustering Linear,w/o Clustering,Linear,0.9774 ± 0.0225,0.9677 ± 0.0264,0.9959 ± 0.0039,0.9797 ± 0.0131
Vehicle,994,10 < Features <= 30,2.8807,Low,18,RF,BSSMOTE w/o Clustering RBF,w/o Clustering,RBF,0.9821 ± 0.0290,0.9770 ± 0.0164,0.9966 ± 0.0032,0.9852 ± 0.0098
Vehicle,994,10 < Features <= 30,2.8807,Low,18,RF,BSSMOTE w/o SVM,w/o SVM,--,0.9728 ± 0.0297,0.9676 ± 0.0311,0.9922 ± 0.0077,0.9789 ± 0.0176
Vehicle,994,10 < Features <= 30,2.8807,Low,18,RF,BorderlineSMOTE,Baseline,--,0.9642 ± 0.0373,0.9678 ± 0.0307,0.9934 ± 0.0051,0.9774 ± 0.0187
Vehicle,994,10 < Features <= 30,2.8807,Low,18,RF,Full BSSMOTE Linear,Full BSSMOTE,Linear,0.9727 ± 0.0296,0.9631 ± 0.0265,0.9938 ± 0.0047,0.9766 ± 0.0154
Vehicle,994,10 < Features <= 30,2.8807,Low,18,RF,Full BSSMOTE RBF,Full BSSMOTE,RBF,0.9691 ± 0.0333,0.9770 ± 0.0164,0.9946 ± 0.0052,0.9828 ± 0.0102
Vehicle,994,10 < Features <= 30,2.8807,Low,18,RF,KMeansSMOTE,Baseline,--,0.9816 ± 0.0191,0.9632 ± 0.0263,0.9960 ± 0.0042,0.9782 ± 0.0134
Vehicle,994,10 < Features <= 30,2.8807,Low,18,RF,None,None,--,0.9862 ± 0.0207,0.9630 ± 0.0354,0.9958 ± 0.0035,0.9789 ± 0.0186
Vehicle,994,10 < Features <= 30,2.8807,Low,18,RF,SMOTE,Baseline,--,0.9862 ± 0.0204,0.9677 ± 0.0264,0.9955 ± 0.0036,0.9813 ± 0.0137
Vehicle,994,10 < Features <= 30,2.8807,Low,18,RF,SVMSMOTE,Baseline,--,0.9650 ± 0.0394,0.9770 ± 0.0164,0.9957 ± 0.0038,0.9820 ± 0.0110
Blood-transfusion,1464,Features <= 10,3.2022,Low,4,DT,ADASYN,Baseline,--,0.3443 ± 0.0171,0.4273 ± 0.1085,0.3000 ± 0.0229,0.5571 ± 0.0571
Blood-transfusion,1464,Features <= 10,3.2022,Low,4,DT,BSSMOTE w/o ADASYN Linear,w/o ADASYN,Linear,0.3228 ± 0.0461,0.3936 ± 0.1115,0.2889 ± 0.0321,0.5320 ± 0.0664
Blood-transfusion,1464,Features <= 10,3.2022,Low,4,DT,BSSMOTE w/o ADASYN RBF,w/o ADASYN,RBF,0.3390 ± 0.0401,0.4277 ± 0.1219,0.2988 ± 0.0274,0.5542 ± 0.0632
Blood-transfusion,1464,Features <= 10,3.2022,Low,4,DT,BSSMOTE w/o Clustering Linear,w/o Clustering,Linear,0.4023 ± 0.0659,0.3260 ± 0.0925,0.3164 ± 0.0298,0.5188 ± 0.0641
Blood-transfusion,1464,Features <= 10,3.2022,Low,4,DT,BSSMOTE w/o Clustering RBF,w/o Clustering,RBF,0.3913 ± 0.0635,0.3143 ± 0.0755,0.3105 ± 0.0371,0.5115 ± 0.0516
Blood-transfusion,1464,Features <= 10,3.2022,Low,4,DT,BSSMOTE w/o SVM,w/o SVM,--,0.3319 ± 0.0275,0.4606 ± 0.0664,0.2971 ± 0.0255,0.5713 ± 0.0391
Blood-transfusion,1464,Features <= 10,3.2022,Low,4,DT,BorderlineSMOTE,Baseline,--,0.3143 ± 0.0340,0.3828 ± 0.0961,0.2962 ± 0.0344,0.5283 ± 0.0635
Blood-transfusion,1464,Features <= 10,3.2022,Low,4,DT,Full BSSMOTE Linear,Full BSSMOTE,Linear,0.3094 ± 0.0337,0.3881 ± 0.0958,0.2765 ± 0.0212,0.5267 ± 0.0550
Blood-transfusion,1464,Features <= 10,3.2022,Low,4,DT,Full BSSMOTE RBF,Full BSSMOTE,RBF,0.3143 ± 0.0306,0.3994 ± 0.0938,0.2807 ± 0.0185,0.5321 ± 0.0433
Blood-transfusion,1464,Features <= 10,3.2022,Low,4,DT,KMeansSMOTE,Baseline,--,0.3543 ± 0.0589,0.3260 ± 0.0867,0.2982 ± 0.0312,0.5096 ± 0.0629
Blood-transfusion,1464,Features <= 10,3.2022,Low,4,DT,None,None,--,0.3754 ± 0.0687,0.2978 ± 0.0427,0.2988 ± 0.0301,0.4981 ± 0.0312
Blood-transfusion,1464,Features <= 10,3.2022,Low,4,DT,SMOTE,Baseline,--,0.3085 ± 0.0536,0.3324 ± 0.0851,0.2786 ± 0.0232,0.5001 ± 0.0589
Blood-transfusion,1464,Features <= 10,3.2022,Low,4,DT,SVMSMOTE,Baseline,--,0.3842 ± 0.0680,0.3656 ± 0.0554,0.3162 ± 0.0286,0.5414 ± 0.0385
Blood-transfusion,1464,Features <= 10,3.2022,Low,4,LightGBM,ADASYN,Baseline,--,0.3798 ± 0.0759,0.4544 ± 0.0760,0.3861 ± 0.0432,0.5875 ± 0.0599
Blood-transfusion,1464,Features <= 10,3.2022,Low,4,LightGBM,BSSMOTE w/o ADASYN Linear,w/o ADASYN,Linear,0.4090 ± 0.0959,0.4436 ± 0.1196,0.4427 ± 0.0866,0.5868 ± 0.0853
Blood-transfusion,1464,Features <= 10,3.2022,Low,4,LightGBM,BSSMOTE w/o ADASYN RBF,w/o ADASYN,RBF,0.4262 ± 0.1018,0.4605 ± 0.1336,0.4420 ± 0.0751,0.6005 ± 0.0945
Blood-transfusion,1464,Features <= 10,3.2022,Low,4,LightGBM,BSSMOTE w/o Clustering Linear,w/o Clustering,Linear,0.5009 ± 0.0750,0.3538 ± 0.0952,0.4513 ± 0.0425,0.5559 ± 0.0745
Blood-transfusion,1464,Features <= 10,3.2022,Low,4,LightGBM,BSSMOTE w/o Clustering RBF,w/o Clustering,RBF,0.4959 ± 0.0898,0.3425 ± 0.0864,0.4436 ± 0.0728,0.5463 ± 0.0630
Blood-transfusion,1464,Features <= 10,3.2022,Low,4,LightGBM,BSSMOTE w/o SVM,w/o SVM,--,0.3757 ± 0.0758,0.5339 ± 0.1218,0.4250 ± 0.0771,0.6168 ± 0.0814
Blood-transfusion,1464,Features <= 10,3.2022,Low,4,LightGBM,BorderlineSMOTE,Baseline,--,0.3947 ± 0.0661,0.4660 ± 0.1113,0.4117 ± 0.0571,0.5963 ± 0.0643
Blood-transfusion,1464,Features <= 10,3.2022,Low,4,LightGBM,Full BSSMOTE Linear,Full BSSMOTE,Linear,0.4036 ± 0.0824,0.4270 ± 0.1012,0.4298 ± 0.0780,0.5778 ± 0.0722
Blood-transfusion,1464,Features <= 10,3.2022,Low,4,LightGBM,Full BSSMOTE RBF,Full BSSMOTE,RBF,0.4084 ± 0.0917,0.4438 ± 0.1205,0.4386 ± 0.0780,0.5875 ± 0.0844
Blood-transfusion,1464,Features <= 10,3.2022,Low,4,LightGBM,KMeansSMOTE,Baseline,--,0.4621 ± 0.0644,0.3540 ± 0.0855,0.4319 ± 0.0471,0.5500 ± 0.0599
Blood-transfusion,1464,Features <= 10,3.2022,Low,4,LightGBM,None,None,--,0.4941 ± 0.0718,0.3481 ± 0.1048,0.4265 ± 0.0611,0.5487 ± 0.0766
Blood-transfusion,1464,Features <= 10,3.2022,Low,4,LightGBM,SMOTE,Baseline,--,0.3857 ± 0.0668,0.4162 ± 0.0757,0.4249 ± 0.0404,0.5681 ± 0.0510
Blood-transfusion,1464,Features <= 10,3.2022,Low,4,LightGBM,SVMSMOTE,Baseline,--,0.4433 ± 0.0840,0.4164 ± 0.0947,0.4270 ± 0.0509,0.5835 ± 0.0633
Blood-transfusion,1464,Features <= 10,3.2022,Low,4,RF,ADASYN,Baseline,--,0.3882 ± 0.0469,0.4833 ± 0.0268,0.3853 ± 0.0392,0.6048 ± 0.0237
Blood-transfusion,1464,Features <= 10,3.2022,Low,4,RF,BSSMOTE w/o ADASYN Linear,w/o ADASYN,Linear,0.3812 ± 0.0598,0.4270 ± 0.0800,0.4314 ± 0.0619,0.5739 ± 0.0518
Blood-transfusion,1464,Features <= 10,3.2022,Low,4,RF,BSSMOTE w/o ADASYN RBF,w/o ADASYN,RBF,0.3813 ± 0.0578,0.4327 ± 0.0759,0.4330 ± 0.0636,0.5764 ± 0.0471
Blood-transfusion,1464,Features <= 10,3.2022,Low,4,RF,BSSMOTE w/o Clustering Linear,w/o Clustering,Linear,0.4764 ± 0.1044,0.3540 ± 0.0707,0.4284 ± 0.0591,0.5538 ± 0.0595
Blood-transfusion,1464,Features <= 10,3.2022,Low,4,RF,BSSMOTE w/o Clustering RBF,w/o Clustering,RBF,0.4750 ± 0.0910,0.3314 ± 0.0456,0.4146 ± 0.0585,0.5390 ± 0.0389
Blood-transfusion,1464,Features <= 10,3.2022,Low,4,RF,BSSMOTE w/o SVM,w/o SVM,--,0.3655 ± 0.0493,0.4835 ± 0.0604,0.4255 ± 0.0672,0.5936 ± 0.0361
Blood-transfusion,1464,Features <= 10,3.2022,Low,4,RF,BorderlineSMOTE,Baseline,--,0.4070 ± 0.0493,0.4665 ± 0.0533,0.4116 ± 0.0436,0.6036 ± 0.0326
Blood-transfusion,1464,Features <= 10,3.2022,Low,4,RF,Full BSSMOTE Linear,Full BSSMOTE,Linear,0.3827 ± 0.0643,0.4214 ± 0.0818,0.4364 ± 0.0661,0.5703 ± 0.0511
Blood-transfusion,1464,Features <= 10,3.2022,Low,4,RF,Full BSSMOTE RBF,Full BSSMOTE,RBF,0.3843 ± 0.0754,0.4325 ± 0.0800,0.4307 ± 0.0733,0.5773 ± 0.0583
Blood-transfusion,1464,Features <= 10,3.2022,Low,4,RF,KMeansSMOTE,Baseline,--,0.4577 ± 0.0783,0.3705 ± 0.0617,0.4260 ± 0.0629,0.5625 ± 0.0475
Blood-transfusion,1464,Features <= 10,3.2022,Low,4,RF,None,None,--,0.4736 ± 0.1020,0.3371 ± 0.0531,0.4129 ± 0.0509,0.5424 ± 0.0469
Blood-transfusion,1464,Features <= 10,3.2022,Low,4,RF,SMOTE,Baseline,--,0.4026 ± 0.0648,0.4330 ± 0.0614,0.4150 ± 0.0301,0.5818 ± 0.0288
Blood-transfusion,1464,Features <= 10,3.2022,Low,4,RF,SVMSMOTE,Baseline,--,0.4507 ± 0.0883,0.3935 ± 0.0551,0.4116 ± 0.0346,0.5749 ± 0.0418
Haberman,43,Features <= 10,2.7778,Low,3,DT,ADASYN,Baseline,--,0.3202 ± 0.1221,0.3926 ± 0.1907,0.3040 ± 0.0590,0.5152 ± 0.1389
Haberman,43,Features <= 10,2.7778,Low,3,DT,BSSMOTE w/o ADASYN Linear,w/o ADASYN,Linear,0.3681 ± 0.0676,0.5051 ± 0.1209,0.3222 ± 0.0454,0.5851 ± 0.0684
Haberman,43,Features <= 10,2.7778,Low,3,DT,BSSMOTE w/o ADASYN RBF,w/o ADASYN,RBF,0.3581 ± 0.0280,0.5059 ± 0.0894,0.3133 ± 0.0228,0.5816 ± 0.0412
Haberman,43,Features <= 10,2.7778,Low,3,DT,BSSMOTE w/o Clustering Linear,w/o Clustering,Linear,0.3634 ± 0.0704,0.3471 ± 0.0988,0.3002 ± 0.0299,0.5121 ± 0.0642
Haberman,43,Features <= 10,2.7778,Low,3,DT,BSSMOTE w/o Clustering RBF,w/o Clustering,RBF,0.3591 ± 0.0466,0.2978 ± 0.1146,0.2909 ± 0.0074,0.4753 ± 0.0690
Haberman,43,Features <= 10,2.7778,Low,3,DT,BSSMOTE w/o SVM,w/o SVM,--,0.3426 ± 0.0553,0.4926 ± 0.1166,0.3075 ± 0.0373,0.5664 ± 0.0600
Haberman,43,Features <= 10,2.7778,Low,3,DT,BorderlineSMOTE,Baseline,--,0.3146 ± 0.0623,0.3324 ± 0.0885,0.2846 ± 0.0280,0.4915 ± 0.0674
Haberman,43,Features <= 10,2.7778,Low,3,DT,Full BSSMOTE Linear,Full BSSMOTE,Linear,0.3584 ± 0.0600,0.5059 ± 0.1177,0.3142 ± 0.0358,0.5769 ± 0.0522
Haberman,43,Features <= 10,2.7778,Low,3,DT,Full BSSMOTE RBF,Full BSSMOTE,RBF,0.3373 ± 0.0361,0.4809 ± 0.0976,0.3015 ± 0.0256,0.5608 ± 0.0442
Haberman,43,Features <= 10,2.7778,Low,3,DT,KMeansSMOTE,Baseline,--,0.3853 ± 0.1025,0.3331 ± 0.0931,0.3059 ± 0.0421,0.5077 ± 0.0693
Haberman,43,Features <= 10,2.7778,Low,3,DT,None,None,--,0.3296 ± 0.0669,0.3353 ± 0.1656,0.2937 ± 0.0374,0.4896 ± 0.1095
Haberman,43,Features <= 10,2.7778,Low,3,DT,SMOTE,Baseline,--,0.3654 ± 0.0758,0.4324 ± 0.0774,0.3116 ± 0.0417,0.5582 ± 0.0606
Haberman,43,Features <= 10,2.7778,Low,3,DT,SVMSMOTE,Baseline,--,0.4435 ± 0.0351,0.5184 ± 0.0684,0.3574 ± 0.0236,0.6275 ± 0.0289
Haberman,43,Features <= 10,2.7778,Low,3,LightGBM,ADASYN,Baseline,--,0.3741 ± 0.1054,0.4419 ± 0.1600,0.3919 ± 0.0781,0.5622 ± 0.1054
Haberman,43,Features <= 10,2.7778,Low,3,LightGBM,BSSMOTE w/o ADASYN Linear,w/o ADASYN,Linear,0.4374 ± 0.1165,0.5037 ± 0.1244,0.4910 ± 0.0977,0.6179 ± 0.0924
Haberman,43,Features <= 10,2.7778,Low,3,LightGBM,BSSMOTE w/o ADASYN RBF,w/o ADASYN,RBF,0.4243 ± 0.1170,0.5037 ± 0.1320,0.4706 ± 0.0764,0.6124 ± 0.0984
Haberman,43,Features <= 10,2.7778,Low,3,LightGBM,BSSMOTE w/o Clustering Linear,w/o Clustering,Linear,0.3921 ± 0.1191,0.2581 ± 0.0595,0.3829 ± 0.0771,0.4675 ± 0.0614
Haberman,43,Features <= 10,2.7778,Low,3,LightGBM,BSSMOTE w/o Clustering RBF,w/o Clustering,RBF,0.3805 ± 0.1250,0.3066 ± 0.1225,0.3901 ± 0.0741,0.4958 ± 0.1064
Haberman,43,Features <= 10,2.7778,Low,3,LightGBM,BSSMOTE w/o SVM,w/o SVM,--,0.4138 ± 0.0553,0.6412 ± 0.1301,0.4654 ± 0.0517,0.6506 ± 0.0553
Haberman,43,Features <= 10,2.7778,Low,3,LightGBM,BorderlineSMOTE,Baseline,--,0.3758 ± 0.1099,0.4301 ± 0.1200,0.3808 ± 0.0737,0.5615 ± 0.0920
Haberman,43,Features <= 10,2.7778,Low,3,LightGBM,Full BSSMOTE Linear,Full BSSMOTE,Linear,0.4484 ± 0.1283,0.5287 ± 0.1118,0.4935 ± 0.0921,0.6324 ± 0.0906
Haberman,43,Features <= 10,2.7778,Low,3,LightGBM,Full BSSMOTE RBF,Full BSSMOTE,RBF,0.4399 ± 0.1137,0.5037 ± 0.1526,0.4619 ± 0.0965,0.6173 ± 0.1052
Haberman,43,Features <= 10,2.7778,Low,3,LightGBM,KMeansSMOTE,Baseline,--,0.4069 ± 0.1358,0.3426 ± 0.1540,0.3996 ± 0.0793,0.5228 ± 0.1212
Haberman,43,Features <= 10,2.7778,Low,3,LightGBM,None,None,--,0.3545 ± 0.0855,0.2581 ± 0.0741,0.3773 ± 0.0737,0.4590 ± 0.0663
Haberman,43,Features <= 10,2.7778,Low,3,LightGBM,SMOTE,Baseline,--,0.3734 ± 0.0945,0.4294 ± 0.1368,0.3785 ± 0.0605,0.5593 ± 0.0903
Haberman,43,Features <= 10,2.7778,Low,3,LightGBM,SVMSMOTE,Baseline,--,0.3728 ± 0.1346,0.3934 ± 0.1552,0.3973 ± 0.0562,0.5396 ± 0.1202
Haberman,43,Features <= 10,2.7778,Low,3,RF,ADASYN,Baseline,--,0.3910 ± 0.1393,0.4301 ± 0.1554,0.3997 ± 0.0621,0.5615 ± 0.1181
Haberman,43,Features <= 10,2.7778,Low,3,RF,BSSMOTE w/o ADASYN Linear,w/o ADASYN,Linear,0.4228 ± 0.0847,0.5412 ± 0.1021,0.4781 ± 0.0604,0.6284 ± 0.0721
Haberman,43,Features <= 10,2.7778,Low,3,RF,BSSMOTE w/o ADASYN RBF,w/o ADASYN,RBF,0.4177 ± 0.0781,0.5037 ± 0.1320,0.4545 ± 0.0527,0.6112 ± 0.0821
Haberman,43,Features <= 10,2.7778,Low,3,RF,BSSMOTE w/o Clustering Linear,w/o Clustering,Linear,0.3576 ± 0.1233,0.2824 ± 0.1053,0.3897 ± 0.0442,0.4744 ± 0.1015
Haberman,43,Features <= 10,2.7778,Low,3,RF,BSSMOTE w/o Clustering RBF,w/o Clustering,RBF,0.3870 ± 0.1195,0.2691 ± 0.1325,0.3947 ± 0.0357,0.4688 ± 0.1170
Haberman,43,Features <= 10,2.7778,Low,3,RF,BSSMOTE w/o SVM,w/o SVM,--,0.3891 ± 0.0654,0.5912 ± 0.1334,0.4320 ± 0.0815,0.6236 ± 0.0705
Haberman,43,Features <= 10,2.7778,Low,3,RF,BorderlineSMOTE,Baseline,--,0.3867 ± 0.1363,0.3934 ± 0.1421,0.4093 ± 0.0744,0.5449 ± 0.1141
Haberman,43,Features <= 10,2.7778,Low,3,RF,Full BSSMOTE Linear,Full BSSMOTE,Linear,0.4309 ± 0.0762,0.5169 ± 0.1176,0.4791 ± 0.0442,0.6215 ± 0.0749
Haberman,43,Features <= 10,2.7778,Low,3,RF,Full BSSMOTE RBF,Full BSSMOTE,RBF,0.3978 ± 0.0738,0.5162 ± 0.1483,0.4475 ± 0.0595,0.6058 ± 0.0854
Haberman,43,Features <= 10,2.7778,Low,3,RF,KMeansSMOTE,Baseline,--,0.4033 ± 0.1493,0.3066 ± 0.1225,0.4115 ± 0.0830,0.5006 ± 0.1117
Haberman,43,Features <= 10,2.7778,Low,3,RF,None,None,--,0.3976 ± 0.0930,0.2831 ± 0.0649,0.4058 ± 0.0581,0.4862 ± 0.0614
Haberman,43,Features <= 10,2.7778,Low,3,RF,SMOTE,Baseline,--,0.4086 ± 0.0944,0.4191 ± 0.0756,0.3757 ± 0.0430,0.5663 ± 0.0528
Haberman,43,Features <= 10,2.7778,Low,3,RF,SVMSMOTE,Baseline,--,0.3853 ± 0.1321,0.3684 ± 0.1290,0.4207 ± 0.0645,0.5331 ± 0.1074
Mammography,310,Features <= 10,42.0115,Extreme,6,DT,ADASYN,Baseline,--,0.3750 ± 0.0371,0.6961 ± 0.0916,0.2698 ± 0.0469,0.8210 ± 0.0555
Mammography,310,Features <= 10,42.0115,Extreme,6,DT,BSSMOTE w/o ADASYN Linear,w/o ADASYN,Linear,0.1906 ± 0.0142,0.7884 ± 0.0544,0.1558 ± 0.0146,0.8511 ± 0.0271
Mammography,310,Features <= 10,42.0115,Extreme,6,DT,BSSMOTE w/o ADASYN RBF,w/o ADASYN,RBF,0.1929 ± 0.0144,0.8000 ± 0.0811,0.1601 ± 0.0216,0.8570 ± 0.0417
Mammography,310,Features <= 10,42.0115,Extreme,6,DT,BSSMOTE w/o Clustering Linear,w/o Clustering,Linear,0.5787 ± 0.0666,0.6039 ± 0.0948,0.3635 ± 0.0926,0.7711 ± 0.0605
Mammography,310,Features <= 10,42.0115,Extreme,6,DT,BSSMOTE w/o Clustering RBF,w/o Clustering,RBF,0.6247 ± 0.0907,0.6000 ± 0.0614,0.3890 ± 0.0911,0.7704 ± 0.0406
Mammography,310,Features <= 10,42.0115,Extreme,6,DT,BSSMOTE w/o SVM,w/o SVM,--,0.2044 ± 0.0089,0.7962 ± 0.0399,0.1684 ± 0.0129,0.8585 ± 0.0211
Mammography,310,Features <= 10,42.0115,Extreme,6,DT,BorderlineSMOTE,Baseline,--,0.4755 ± 0.0339,0.6769 ± 0.0439,0.3307 ± 0.0379,0.8150 ± 0.0262
Mammography,310,Features <= 10,42.0115,Extreme,6,DT,Full BSSMOTE Linear,Full BSSMOTE,Linear,0.1918 ± 0.0185,0.8154 ± 0.0292,0.1612 ± 0.0136,0.8647 ± 0.0118
Mammography,310,Features <= 10,42.0115,Extreme,6,DT,Full BSSMOTE RBF,Full BSSMOTE,RBF,0.2028 ± 0.0250,0.8115 ± 0.0370,0.1695 ± 0.0202,0.8651 ± 0.0171
Mammography,310,Features <= 10,42.0115,Extreme,6,DT,KMeansSMOTE,Baseline,--,0.5379 ± 0.1170,0.5769 ± 0.1105,0.3301 ± 0.1252,0.7522 ± 0.0746
Mammography,310,Features <= 10,42.0115,Extreme,6,DT,None,None,--,0.6076 ± 0.0932,0.5923 ± 0.0685,0.3744 ± 0.0930,0.7651 ± 0.0450
Mammography,310,Features <= 10,42.0115,Extreme,6,DT,SMOTE,Baseline,--,0.4099 ± 0.0524,0.6692 ± 0.0567,0.2826 ± 0.0388,0.8078 ± 0.0325
Mammography,310,Features <= 10,42.0115,Extreme,6,DT,SVMSMOTE,Baseline,--,0.4983 ± 0.0439,0.6539 ± 0.0638,0.3348 ± 0.0433,0.8014 ± 0.0391
Mammography,310,Features <= 10,42.0115,Extreme,6,LightGBM,ADASYN,Baseline,--,0.5476 ± 0.0574,0.7923 ± 0.0417,0.7373 ± 0.0500,0.8828 ± 0.0236
Mammography,310,Features <= 10,42.0115,Extreme,6,LightGBM,BSSMOTE w/o ADASYN Linear,w/o ADASYN,Linear,0.2388 ± 0.0117,0.7923 ± 0.0750,0.5280 ± 0.0597,0.8619 ± 0.0384
Mammography,310,Features <= 10,42.0115,Extreme,6,LightGBM,BSSMOTE w/o ADASYN RBF,w/o ADASYN,RBF,0.2314 ± 0.0145,0.8000 ± 0.0661,0.5430 ± 0.0856,0.8647 ± 0.0331
Mammography,310,Features <= 10,42.0115,Extreme,6,LightGBM,BSSMOTE w/o Clustering Linear,w/o Clustering,Linear,0.8103 ± 0.0605,0.6192 ± 0.0671,0.7588 ± 0.0454,0.7846 ± 0.0431
Mammography,310,Features <= 10,42.0115,Extreme,6,LightGBM,BSSMOTE w/o Clustering RBF,w/o Clustering,RBF,0.8105 ± 0.0472,0.6731 ± 0.0471,0.7625 ± 0.0475,0.8185 ± 0.0289
Mammography,310,Features <= 10,42.0115,Extreme,6,LightGBM,BSSMOTE w/o SVM,w/o SVM,--,0.1998 ± 0.0130,0.8846 ± 0.0509,0.5600 ± 0.0473,0.8996 ± 0.0249
Mammography,310,Features <= 10,42.0115,Extreme,6,LightGBM,BorderlineSMOTE,Baseline,--,0.6075 ± 0.0645,0.7269 ± 0.0534,0.7221 ± 0.0646,0.8473 ± 0.0319
Mammography,310,Features <= 10,42.0115,Extreme,6,LightGBM,Full BSSMOTE Linear,Full BSSMOTE,Linear,0.2277 ± 0.0087,0.8000 ± 0.0661,0.5287 ± 0.0630,0.8642 ± 0.0331
Mammography,310,Features <= 10,42.0115,Extreme,6,LightGBM,Full BSSMOTE RBF,Full BSSMOTE,RBF,0.2281 ± 0.0201,0.8308 ± 0.0551,0.5328 ± 0.0397,0.8798 ± 0.0276
Mammography,310,Features <= 10,42.0115,Extreme,6,LightGBM,KMeansSMOTE,Baseline,--,0.7631 ± 0.1225,0.6385 ± 0.0936,0.7295 ± 0.0935,0.7953 ± 0.0593
Mammography,310,Features <= 10,42.0115,Extreme,6,LightGBM,None,None,--,0.8231 ± 0.0433,0.6077 ± 0.0948,0.7420 ± 0.0401,0.7765 ± 0.0596
Mammography,310,Features <= 10,42.0115,Extreme,6,LightGBM,SMOTE,Baseline,--,0.5910 ± 0.0622,0.7654 ± 0.0344,0.7526 ± 0.0366,0.8690 ± 0.0203
Mammography,310,Features <= 10,42.0115,Extreme,6,LightGBM,SVMSMOTE,Baseline,--,0.6211 ± 0.0884,0.7500 ± 0.0236,0.7560 ± 0.0377,0.8610 ± 0.0138
Mammography,310,Features <= 10,42.0115,Extreme,6,RF,ADASYN,Baseline,--,0.5073 ± 0.0418,0.7615 ± 0.0571,0.6791 ± 0.0627,0.8644 ± 0.0319
Mammography,310,Features <= 10,42.0115,Extreme,6,RF,BSSMOTE w/o ADASYN Linear,w/o ADASYN,Linear,0.2101 ± 0.0210,0.7961 ± 0.0727,0.5827 ± 0.0163,0.8584 ± 0.0328
Mammography,310,Features <= 10,42.0115,Extreme,6,RF,BSSMOTE w/o ADASYN RBF,w/o ADASYN,RBF,0.2125 ± 0.0107,0.7885 ± 0.0720,0.5944 ± 0.0340,0.8555 ± 0.0349
Mammography,310,Features <= 10,42.0115,Extreme,6,RF,BSSMOTE w/o Clustering Linear,w/o Clustering,Linear,0.8915 ± 0.0582,0.5462 ± 0.0845,0.7444 ± 0.0487,0.7365 ± 0.0581
Mammography,310,Features <= 10,42.0115,Extreme,6,RF,BSSMOTE w/o Clustering RBF,w/o Clustering,RBF,0.8218 ± 0.0587,0.5808 ± 0.0629,0.7539 ± 0.0390,0.7601 ± 0.0408
Mammography,310,Features <= 10,42.0115,Extreme,6,RF,BSSMOTE w/o SVM,w/o SVM,--,0.2772 ± 0.0120,0.8577 ± 0.0349,0.5781 ± 0.0494,0.9009 ± 0.0181
Mammography,310,Features <= 10,42.0115,Extreme,6,RF,BorderlineSMOTE,Baseline,--,0.5986 ± 0.0771,0.6885 ± 0.0629,0.6741 ± 0.0756,0.8244 ± 0.0387
Mammography,310,Features <= 10,42.0115,Extreme,6,RF,Full BSSMOTE Linear,Full BSSMOTE,Linear,0.2276 ± 0.0130,0.7923 ± 0.0737,0.5943 ± 0.0056,0.8600 ± 0.0363
Mammography,310,Features <= 10,42.0115,Extreme,6,RF,Full BSSMOTE RBF,Full BSSMOTE,RBF,0.2584 ± 0.0380,0.8077 ± 0.0757,0.5868 ± 0.0330,0.8725 ± 0.0412
Mammography,310,Features <= 10,42.0115,Extreme,6,RF,KMeansSMOTE,Baseline,--,0.8005 ± 0.1069,0.5654 ± 0.0674,0.7150 ± 0.0793,0.7495 ± 0.0449
Mammography,310,Features <= 10,42.0115,Extreme,6,RF,None,None,--,0.8747 ± 0.0596,0.5461 ± 0.0714,0.7499 ± 0.0416,0.7370 ± 0.0489
Mammography,310,Features <= 10,42.0115,Extreme,6,RF,SMOTE,Baseline,--,0.5752 ± 0.0468,0.7615 ± 0.0502,0.7208 ± 0.0522,0.8664 ± 0.0287
Mammography,310,Features <= 10,42.0115,Extreme,6,RF,SVMSMOTE,Baseline,--,0.6104 ± 0.0769,0.7269 ± 0.0629,0.7084 ± 0.0669,0.8472 ± 0.0367
Pulsar (HTRU2),45558,Features <= 10,9.9201,Medium,8,DT,ADASYN,Baseline,--,0.6087 ± 0.0369,0.8755 ± 0.0094,0.5442 ± 0.0306,0.9085 ± 0.0051
Pulsar (HTRU2),45558,Features <= 10,9.9201,Medium,8,DT,BSSMOTE w/o ADASYN Linear,w/o ADASYN,Linear,0.6284 ± 0.0267,0.9036 ± 0.0092,0.5767 ± 0.0252,0.9245 ± 0.0056
Pulsar (HTRU2),45558,Features <= 10,9.9201,Medium,8,DT,BSSMOTE w/o ADASYN RBF,w/o ADASYN,RBF,0.6359 ± 0.0198,0.9054 ± 0.0180,0.5843 ± 0.0152,0.9262 ± 0.0077
Pulsar (HTRU2),45558,Features <= 10,9.9201,Medium,8,DT,BSSMOTE w/o Clustering Linear,w/o Clustering,Linear,0.8241 ± 0.0173,0.8291 ± 0.0167,0.6988 ± 0.0113,0.9024 ± 0.0084
Pulsar (HTRU2),45558,Features <= 10,9.9201,Medium,8,DT,BSSMOTE w/o Clustering RBF,w/o Clustering,RBF,0.8121 ± 0.0259,0.8365 ± 0.0187,0.6941 ± 0.0192,0.9055 ± 0.0092
Pulsar (HTRU2),45558,Features <= 10,9.9201,Medium,8,DT,BSSMOTE w/o SVM,w/o SVM,--,0.5158 ± 0.0113,0.9243 ± 0.0197,0.4836 ± 0.0102,0.9183 ± 0.0080
Pulsar (HTRU2),45558,Features <= 10,9.9201,Medium,8,DT,BorderlineSMOTE,Baseline,--,0.7091 ± 0.0251,0.8701 ± 0.0171,0.6289 ± 0.0257,0.9157 ± 0.0092
Pulsar (HTRU2),45558,Features <= 10,9.9201,Medium,8,DT,Full BSSMOTE Linear,Full BSSMOTE,Linear,0.6318 ± 0.0145,0.8993 ± 0.0129,0.5774 ± 0.0140,0.9229 ± 0.0062
Pulsar (HTRU2),45558,Features <= 10,9.9201,Medium,8,DT,Full BSSMOTE RBF,Full BSSMOTE,RBF,0.6361 ± 0.0301,0.9109 ± 0.0127,0.5876 ± 0.0288,0.9289 ± 0.0071
Pulsar (HTRU2),45558,Features <= 10,9.9201,Medium,8,DT,KMeansSMOTE,Baseline,--,0.8264 ± 0.0108,0.8346 ± 0.0194,0.7047 ± 0.0077,0.9054 ± 0.0098
Pulsar (HTRU2),45558,Features <= 10,9.9201,Medium,8,DT,None,None,--,0.8291 ± 0.0161,0.8346 ± 0.0173,0.7069 ± 0.0059,0.9055 ± 0.0084
Pulsar (HTRU2),45558,Features <= 10,9.9201,Medium,8,DT,SMOTE,Baseline,--,0.6744 ± 0.0179,0.8743 ± 0.0108,0.6012 ± 0.0165,0.9149 ± 0.0055
Pulsar (HTRU2),45558,Features <= 10,9.9201,Medium,8,DT,SVMSMOTE,Baseline,--,0.7305 ± 0.0315,0.8676 ± 0.0183,0.6457 ± 0.0258,0.9161 ± 0.0089
Pulsar (HTRU2),45558,Features <= 10,9.9201,Medium,8,LightGBM,ADASYN,Baseline,--,0.5715 ± 0.0191,0.9249 ± 0.0117,0.9222 ± 0.0158,0.9274 ± 0.0064
Pulsar (HTRU2),45558,Features <= 10,9.9201,Medium,8,LightGBM,BSSMOTE w/o ADASYN Linear,w/o ADASYN,Linear,0.7728 ± 0.0300,0.9048 ± 0.0188,0.8989 ± 0.0149,0.9382 ± 0.0088
Pulsar (HTRU2),45558,Features <= 10,9.9201,Medium,8,LightGBM,BSSMOTE w/o ADASYN RBF,w/o ADASYN,RBF,0.7647 ± 0.0229,0.9060 ± 0.0212,0.9106 ± 0.0075,0.9383 ± 0.0098
Pulsar (HTRU2),45558,Features <= 10,9.9201,Medium,8,LightGBM,BSSMOTE w/o Clustering Linear,w/o Clustering,Linear,0.9218 ± 0.0182,0.8542 ± 0.0228,0.9268 ± 0.0141,0.9207 ± 0.0126
Pulsar (HTRU2),45558,Features <= 10,9.9201,Medium,8,LightGBM,BSSMOTE w/o Clustering RBF,w/o Clustering,RBF,0.9083 ± 0.0200,0.8676 ± 0.0222,0.9270 ± 0.0153,0.9273 ± 0.0120
Pulsar (HTRU2),45558,Features <= 10,9.9201,Medium,8,LightGBM,BSSMOTE w/o SVM,w/o SVM,--,0.5076 ± 0.0191,0.9365 ± 0.0101,0.9034 ± 0.0190,0.9222 ± 0.0050
Pulsar (HTRU2),45558,Features <= 10,9.9201,Medium,8,LightGBM,BorderlineSMOTE,Baseline,--,0.7491 ± 0.0224,0.9109 ± 0.0188,0.9124 ± 0.0148,0.9395 ± 0.0088
Pulsar (HTRU2),45558,Features <= 10,9.9201,Medium,8,LightGBM,Full BSSMOTE Linear,Full BSSMOTE,Linear,0.7616 ± 0.0335,0.9030 ± 0.0173,0.9055 ± 0.0177,0.9364 ± 0.0078
Pulsar (HTRU2),45558,Features <= 10,9.9201,Medium,8,LightGBM,Full BSSMOTE RBF,Full BSSMOTE,RBF,0.7574 ± 0.0311,0.9103 ± 0.0194,0.9059 ± 0.0196,0.9398 ± 0.0093
Pulsar (HTRU2),45558,Features <= 10,9.9201,Medium,8,LightGBM,KMeansSMOTE,Baseline,--,0.9230 ± 0.0199,0.8511 ± 0.0222,0.9283 ± 0.0152,0.9192 ± 0.0118
Pulsar (HTRU2),45558,Features <= 10,9.9201,Medium,8,LightGBM,None,None,--,0.9269 ± 0.0168,0.8542 ± 0.0144,0.9301 ± 0.0122,0.9210 ± 0.0074
Pulsar (HTRU2),45558,Features <= 10,9.9201,Medium,8,LightGBM,SMOTE,Baseline,--,0.7981 ± 0.0246,0.9011 ± 0.0203,0.9262 ± 0.0163,0.9382 ± 0.0107
Pulsar (HTRU2),45558,Features <= 10,9.9201,Medium,8,LightGBM,SVMSMOTE,Baseline,--,0.7792 ± 0.0269,0.9109 ± 0.0165,0.9174 ± 0.0173,0.9418 ± 0.0086
Pulsar (HTRU2),45558,Features <= 10,9.9201,Medium,8,RF,ADASYN,Baseline,--,0.7530 ± 0.0283,0.8999 ± 0.0176,0.9138 ± 0.0186,0.9343 ± 0.0093
Pulsar (HTRU2),45558,Features <= 10,9.9201,Medium,8,RF,BSSMOTE w/o ADASYN Linear,w/o ADASYN,Linear,0.7402 ± 0.0280,0.9030 ± 0.0153,0.8731 ± 0.0214,0.9348 ± 0.0076
Pulsar (HTRU2),45558,Features <= 10,9.9201,Medium,8,RF,BSSMOTE w/o ADASYN RBF,w/o ADASYN,RBF,0.7396 ± 0.0233,0.9030 ± 0.0173,0.8780 ± 0.0169,0.9348 ± 0.0084
Pulsar (HTRU2),45558,Features <= 10,9.9201,Medium,8,RF,BSSMOTE w/o Clustering Linear,w/o Clustering,Linear,0.9299 ± 0.0157,0.8401 ± 0.0191,0.9174 ± 0.0156,0.9136 ± 0.0106
Pulsar (HTRU2),45558,Features <= 10,9.9201,Medium,8,RF,BSSMOTE w/o Clustering RBF,w/o Clustering,RBF,0.9154 ± 0.0220,0.8591 ± 0.0185,0.9166 ± 0.0148,0.9231 ± 0.0097
Pulsar (HTRU2),45558,Features <= 10,9.9201,Medium,8,RF,BSSMOTE w/o SVM,w/o SVM,--,0.6102 ± 0.0268,0.9249 ± 0.0134,0.8606 ± 0.0246,0.9325 ± 0.0078
Pulsar (HTRU2),45558,Features <= 10,9.9201,Medium,8,RF,BorderlineSMOTE,Baseline,--,0.8288 ± 0.0369,0.8956 ± 0.0122,0.9118 ± 0.0167,0.9374 ± 0.0068
Pulsar (HTRU2),45558,Features <= 10,9.9201,Medium,8,RF,Full BSSMOTE Linear,Full BSSMOTE,Linear,0.7492 ± 0.0256,0.9042 ± 0.0172,0.8662 ± 0.0229,0.9362 ± 0.0087
Pulsar (HTRU2),45558,Features <= 10,9.9201,Medium,8,RF,Full BSSMOTE RBF,Full BSSMOTE,RBF,0.7543 ± 0.0267,0.9060 ± 0.0155,0.8747 ± 0.0140,0.9375 ± 0.0074
Pulsar (HTRU2),45558,Features <= 10,9.9201,Medium,8,RF,KMeansSMOTE,Baseline,--,0.9297 ± 0.0179,0.8377 ± 0.0171,0.9171 ± 0.0170,0.9123 ± 0.0097
Pulsar (HTRU2),45558,Features <= 10,9.9201,Medium,8,RF,None,None,--,0.9337 ± 0.0167,0.8401 ± 0.0159,0.9199 ± 0.0170,0.9138 ± 0.0088
Pulsar (HTRU2),45558,Features <= 10,9.9201,Medium,8,RF,SMOTE,Baseline,--,0.8504 ± 0.0264,0.8920 ± 0.0161,0.9170 ± 0.0162,0.9369 ± 0.0093
Pulsar (HTRU2),45558,Features <= 10,9.9201,Medium,8,RF,SVMSMOTE,Baseline,--,0.8312 ± 0.0251,0.9005 ± 0.0147,0.9127 ± 0.0194,0.9401 ± 0.0078
Wholesale-customers,1511,Features <= 10,2.0986,Low,8,DT,ADASYN,Baseline,--,0.7893 ± 0.0455,0.8525 ± 0.0947,0.7236 ± 0.0822,0.8716 ± 0.0558
Wholesale-customers,1511,Features <= 10,2.0986,Low,8,DT,BSSMOTE w/o ADASYN Linear,w/o ADASYN,Linear,0.7479 ± 0.0929,0.8796 ± 0.0655,0.6966 ± 0.0866,0.8646 ± 0.0417
Wholesale-customers,1511,Features <= 10,2.0986,Low,8,DT,BSSMOTE w/o ADASYN RBF,w/o ADASYN,RBF,0.7511 ± 0.1028,0.8655 ± 0.0598,0.6933 ± 0.0941,0.8594 ± 0.0422
Wholesale-customers,1511,Features <= 10,2.0986,Low,8,DT,BSSMOTE w/o Clustering Linear,w/o Clustering,Linear,0.8135 ± 0.0564,0.8377 ± 0.0416,0.7330 ± 0.0443,0.8707 ± 0.0204
Wholesale-customers,1511,Features <= 10,2.0986,Low,8,DT,BSSMOTE w/o Clustering RBF,w/o Clustering,RBF,0.7976 ± 0.0672,0.8384 ± 0.0522,0.7214 ± 0.0649,0.8662 ± 0.0347
Wholesale-customers,1511,Features <= 10,2.0986,Low,8,DT,BSSMOTE w/o SVM,w/o SVM,--,0.7349 ± 0.0842,0.8943 ± 0.0352,0.6894 ± 0.0629,0.8651 ± 0.0211
Wholesale-customers,1511,Features <= 10,2.0986,Low,8,DT,BorderlineSMOTE,Baseline,--,0.7686 ± 0.0640,0.8318 ± 0.0808,0.6953 ± 0.0745,0.8542 ± 0.0491
Wholesale-customers,1511,Features <= 10,2.0986,Low,8,DT,Full BSSMOTE Linear,Full BSSMOTE,Linear,0.7433 ± 0.0941,0.8724 ± 0.0703,0.6887 ± 0.0838,0.8590 ± 0.0393
Wholesale-customers,1511,Features <= 10,2.0986,Low,8,DT,Full BSSMOTE RBF,Full BSSMOTE,RBF,0.7586 ± 0.0999,0.8798 ± 0.0418,0.7057 ± 0.0893,0.8684 ± 0.0368
Wholesale-customers,1511,Features <= 10,2.0986,Low,8,DT,KMeansSMOTE,Baseline,--,0.8109 ± 0.0427,0.8379 ± 0.0200,0.7321 ± 0.0412,0.8712 ± 0.0186
Wholesale-customers,1511,Features <= 10,2.0986,Low,8,DT,None,None,--,0.8131 ± 0.0677,0.8236 ± 0.0371,0.7250 ± 0.0440,0.8632 ± 0.0128
Wholesale-customers,1511,Features <= 10,2.0986,Low,8,DT,SMOTE,Baseline,--,0.7954 ± 0.0933,0.8313 ± 0.0269,0.7161 ± 0.0821,0.8609 ± 0.0331
Wholesale-customers,1511,Features <= 10,2.0986,Low,8,DT,SVMSMOTE,Baseline,--,0.8166 ± 0.0816,0.8451 ± 0.0394,0.7409 ± 0.0771,0.8747 ± 0.0349
Wholesale-customers,1511,Features <= 10,2.0986,Low,8,LightGBM,ADASYN,Baseline,--,0.8090 ± 0.0653,0.9015 ± 0.0153,0.8924 ± 0.0412,0.8985 ± 0.0264
Wholesale-customers,1511,Features <= 10,2.0986,Low,8,LightGBM,BSSMOTE w/o ADASYN Linear,w/o ADASYN,Linear,0.8094 ± 0.0730,0.8944 ± 0.0254,0.9072 ± 0.0557,0.8947 ± 0.0230
Wholesale-customers,1511,Features <= 10,2.0986,Low,8,LightGBM,BSSMOTE w/o ADASYN RBF,w/o ADASYN,RBF,0.8136 ± 0.0569,0.9015 ± 0.0153,0.9063 ± 0.0477,0.9002 ± 0.0138
Wholesale-customers,1511,Features <= 10,2.0986,Low,8,LightGBM,BSSMOTE w/o Clustering Linear,w/o Clustering,Linear,0.8681 ± 0.0404,0.8734 ± 0.0310,0.9053 ± 0.0375,0.9042 ± 0.0221
Wholesale-customers,1511,Features <= 10,2.0986,Low,8,LightGBM,BSSMOTE w/o Clustering RBF,w/o Clustering,RBF,0.8538 ± 0.0595,0.8872 ± 0.0169,0.9046 ± 0.0377,0.9065 ± 0.0251
Wholesale-customers,1511,Features <= 10,2.0986,Low,8,LightGBM,BSSMOTE w/o SVM,w/o SVM,--,0.7862 ± 0.0771,0.9224 ± 0.0295,0.9057 ± 0.0629,0.8983 ± 0.0331
Wholesale-customers,1511,Features <= 10,2.0986,Low,8,LightGBM,BorderlineSMOTE,Baseline,--,0.8426 ± 0.0598,0.8801 ± 0.0329,0.8987 ± 0.0324,0.8992 ± 0.0219
Wholesale-customers,1511,Features <= 10,2.0986,Low,8,LightGBM,Full BSSMOTE Linear,Full BSSMOTE,Linear,0.8263 ± 0.0666,0.9084 ± 0.0196,0.9006 ± 0.0540,0.9069 ± 0.0180
Wholesale-customers,1511,Features <= 10,2.0986,Low,8,LightGBM,Full BSSMOTE RBF,Full BSSMOTE,RBF,0.8101 ± 0.0706,0.9015 ± 0.0295,0.9034 ± 0.0529,0.8983 ± 0.0269
Wholesale-customers,1511,Features <= 10,2.0986,Low,8,LightGBM,KMeansSMOTE,Baseline,--,0.8691 ± 0.0474,0.8803 ± 0.0191,0.9159 ± 0.0442,0.9079 ± 0.0208
Wholesale-customers,1511,Features <= 10,2.0986,Low,8,LightGBM,None,None,--,0.8686 ± 0.0259,0.8801 ± 0.0210,0.9019 ± 0.0524,0.9076 ± 0.0136
Wholesale-customers,1511,Features <= 10,2.0986,Low,8,LightGBM,SMOTE,Baseline,--,0.8313 ± 0.0494,0.8944 ± 0.0254,0.9013 ± 0.0487,0.9035 ± 0.0255
Wholesale-customers,1511,Features <= 10,2.0986,Low,8,LightGBM,SVMSMOTE,Baseline,--,0.8546 ± 0.0601,0.8944 ± 0.0254,0.9041 ± 0.0387,0.9101 ± 0.0288
Wholesale-customers,1511,Features <= 10,2.0986,Low,8,RF,ADASYN,Baseline,--,0.8406 ± 0.0425,0.9158 ± 0.0307,0.9016 ± 0.0426,0.9157 ± 0.0203
Wholesale-customers,1511,Features <= 10,2.0986,Low,8,RF,BSSMOTE w/o ADASYN Linear,w/o ADASYN,Linear,0.8473 ± 0.0465,0.9158 ± 0.0307,0.9186 ± 0.0452,0.9172 ± 0.0093
Wholesale-customers,1511,Features <= 10,2.0986,Low,8,RF,BSSMOTE w/o ADASYN RBF,w/o ADASYN,RBF,0.8473 ± 0.0465,0.9158 ± 0.0307,0.9159 ± 0.0524,0.9172 ± 0.0093
Wholesale-customers,1511,Features <= 10,2.0986,Low,8,RF,BSSMOTE w/o Clustering Linear,w/o Clustering,Linear,0.8880 ± 0.0488,0.8737 ± 0.0290,0.9185 ± 0.0385,0.9091 ± 0.0193
Wholesale-customers,1511,Features <= 10,2.0986,Low,8,RF,BSSMOTE w/o Clustering RBF,w/o Clustering,RBF,0.8654 ± 0.0574,0.8806 ± 0.0304,0.9221 ± 0.0316,0.9061 ± 0.0210
Wholesale-customers,1511,Features <= 10,2.0986,Low,8,RF,BSSMOTE w/o SVM,w/o SVM,--,0.7838 ± 0.0449,0.9298 ± 0.0348,0.9066 ± 0.0554,0.9020 ± 0.0119
Wholesale-customers,1511,Features <= 10,2.0986,Low,8,RF,BorderlineSMOTE,Baseline,--,0.8465 ± 0.0424,0.9155 ± 0.0190,0.9008 ± 0.0370,0.9173 ± 0.0094
Wholesale-customers,1511,Features <= 10,2.0986,Low,8,RF,Full BSSMOTE Linear,Full BSSMOTE,Linear,0.8430 ± 0.0554,0.9158 ± 0.0307,0.9139 ± 0.0502,0.9155 ± 0.0108
Wholesale-customers,1511,Features <= 10,2.0986,Low,8,RF,Full BSSMOTE RBF,Full BSSMOTE,RBF,0.8473 ± 0.0590,0.9018 ± 0.0376,0.9206 ± 0.0378,0.9099 ± 0.0070
Wholesale-customers,1511,Features <= 10,2.0986,Low,8,RF,KMeansSMOTE,Baseline,--,0.8785 ± 0.0526,0.8877 ± 0.0276,0.9274 ± 0.0230,0.9130 ± 0.0113
Wholesale-customers,1511,Features <= 10,2.0986,Low,8,RF,None,None,--,0.8770 ± 0.0435,0.8877 ± 0.0368,0.9194 ± 0.0319,0.9130 ± 0.0201
Wholesale-customers,1511,Features <= 10,2.0986,Low,8,RF,SMOTE,Baseline,--,0.8507 ± 0.0381,0.9089 ± 0.0389,0.9119 ± 0.0430,0.9155 ± 0.0163
Wholesale-customers,1511,Features <= 10,2.0986,Low,8,RF,SVMSMOTE,Baseline,--,0.8369 ± 0.0616,0.9089 ± 0.0389,0.9024 ± 0.0546,0.9103 ± 0.0219
Wilt,40983,Features <= 10,17.5402,Medium,5,DT,ADASYN,Baseline,--,0.7292 ± 0.0476,0.9042 ± 0.0360,0.6641 ± 0.0429,0.9414 ± 0.0179
Wilt,40983,Features <= 10,17.5402,Medium,5,DT,BSSMOTE w/o ADASYN Linear,w/o ADASYN,Linear,0.7343 ± 0.0433,0.7856 ± 0.0324,0.5883 ± 0.0381,0.8789 ± 0.0179
Wilt,40983,Features <= 10,17.5402,Medium,5,DT,BSSMOTE w/o ADASYN RBF,w/o ADASYN,RBF,0.7315 ± 0.0373,0.7742 ± 0.0530,0.5780 ± 0.0370,0.8722 ± 0.0289
Wilt,40983,Features <= 10,17.5402,Medium,5,DT,BSSMOTE w/o Clustering Linear,w/o Clustering,Linear,0.7882 ± 0.0477,0.8048 ± 0.0504,0.6455 ± 0.0612,0.8912 ± 0.0282
Wilt,40983,Features <= 10,17.5402,Medium,5,DT,BSSMOTE w/o Clustering RBF,w/o Clustering,RBF,0.7611 ± 0.0465,0.7590 ± 0.0691,0.5904 ± 0.0577,0.8644 ± 0.0392
Wilt,40983,Features <= 10,17.5402,Medium,5,DT,BSSMOTE w/o SVM,w/o SVM,--,0.6920 ± 0.0547,0.8966 ± 0.0394,0.6257 ± 0.0493,0.9357 ± 0.0194
Wilt,40983,Features <= 10,17.5402,Medium,5,DT,BorderlineSMOTE,Baseline,--,0.7253 ± 0.0449,0.8546 ± 0.0338,0.6285 ± 0.0573,0.9157 ± 0.0193
Wilt,40983,Features <= 10,17.5402,Medium,5,DT,Full BSSMOTE Linear,Full BSSMOTE,Linear,0.7164 ± 0.0693,0.7857 ± 0.0497,0.5752 ± 0.0699,0.8780 ± 0.0285
Wilt,40983,Features <= 10,17.5402,Medium,5,DT,Full BSSMOTE RBF,Full BSSMOTE,RBF,0.7321 ± 0.0405,0.7666 ± 0.0542,0.5735 ± 0.0442,0.8680 ± 0.0305
Wilt,40983,Features <= 10,17.5402,Medium,5,DT,KMeansSMOTE,Baseline,--,0.7862 ± 0.0552,0.7476 ± 0.0911,0.6040 ± 0.0986,0.8583 ± 0.0533
Wilt,40983,Features <= 10,17.5402,Medium,5,DT,None,None,--,0.7885 ± 0.0413,0.7819 ± 0.0581,0.6291 ± 0.0625,0.8784 ± 0.0331
Wilt,40983,Features <= 10,17.5402,Medium,5,DT,SMOTE,Baseline,--,0.7176 ± 0.0599,0.8701 ± 0.0553,0.6317 ± 0.0684,0.9230 ± 0.0293
Wilt,40983,Features <= 10,17.5402,Medium,5,DT,SVMSMOTE,Baseline,--,0.7711 ± 0.0289,0.8353 ± 0.0315,0.6532 ± 0.0373,0.9073 ± 0.0171
Wilt,40983,Features <= 10,17.5402,Medium,5,LightGBM,ADASYN,Baseline,--,0.8032 ± 0.0219,0.9196 ± 0.0078,0.9226 ± 0.0167,0.9527 ± 0.0039
Wilt,40983,Features <= 10,17.5402,Medium,5,LightGBM,BSSMOTE w/o ADASYN Linear,w/o ADASYN,Linear,0.8448 ± 0.0132,0.8124 ± 0.0269,0.9163 ± 0.0187,0.8974 ± 0.0147
Wilt,40983,Features <= 10,17.5402,Medium,5,LightGBM,BSSMOTE w/o ADASYN RBF,w/o ADASYN,RBF,0.8596 ± 0.0271,0.8163 ± 0.0386,0.9158 ± 0.0240,0.8998 ± 0.0210
Wilt,40983,Features <= 10,17.5402,Medium,5,LightGBM,BSSMOTE w/o Clustering Linear,w/o Clustering,Linear,0.8795 ± 0.0194,0.8085 ± 0.0265,0.9162 ± 0.0228,0.8962 ± 0.0146
Wilt,40983,Features <= 10,17.5402,Medium,5,LightGBM,BSSMOTE w/o Clustering RBF,w/o Clustering,RBF,0.8941 ± 0.0231,0.8048 ± 0.0395,0.9247 ± 0.0257,0.8945 ± 0.0222
Wilt,40983,Features <= 10,17.5402,Medium,5,LightGBM,BSSMOTE w/o SVM,w/o SVM,--,0.7829 ± 0.0382,0.9003 ± 0.0419,0.9201 ± 0.0272,0.9417 ± 0.0213
Wilt,40983,Features <= 10,17.5402,Medium,5,LightGBM,BorderlineSMOTE,Baseline,--,0.8311 ± 0.0259,0.8852 ± 0.0295,0.9247 ± 0.0209,0.9359 ± 0.0162
Wilt,40983,Features <= 10,17.5402,Medium,5,LightGBM,Full BSSMOTE Linear,Full BSSMOTE,Linear,0.8529 ± 0.0137,0.8238 ± 0.0366,0.9058 ± 0.0242,0.9038 ± 0.0201
Wilt,40983,Features <= 10,17.5402,Medium,5,LightGBM,Full BSSMOTE RBF,Full BSSMOTE,RBF,0.8662 ± 0.0391,0.8355 ± 0.0405,0.9199 ± 0.0248,0.9104 ± 0.0224
Wilt,40983,Features <= 10,17.5402,Medium,5,LightGBM,KMeansSMOTE,Baseline,--,0.8708 ± 0.0567,0.8130 ± 0.1085,0.9121 ± 0.0361,0.8969 ± 0.0634
Wilt,40983,Features <= 10,17.5402,Medium,5,LightGBM,None,None,--,0.8861 ± 0.0102,0.8049 ± 0.0479,0.9228 ± 0.0180,0.8942 ± 0.0267
Wilt,40983,Features <= 10,17.5402,Medium,5,LightGBM,SMOTE,Baseline,--,0.8174 ± 0.0425,0.9005 ± 0.0242,0.9216 ± 0.0295,0.9434 ± 0.0132
Wilt,40983,Features <= 10,17.5402,Medium,5,LightGBM,SVMSMOTE,Baseline,--,0.8450 ± 0.0219,0.8736 ± 0.0217,0.9251 ± 0.0217,0.9303 ± 0.0112
Wilt,40983,Features <= 10,17.5402,Medium,5,RF,ADASYN,Baseline,--,0.8373 ± 0.0482,0.8816 ± 0.0551,0.8972 ± 0.0200,0.9339 ± 0.0303
Wilt,40983,Features <= 10,17.5402,Medium,5,RF,BSSMOTE w/o ADASYN Linear,w/o ADASYN,Linear,0.8701 ± 0.0273,0.7628 ± 0.0530,0.9086 ± 0.0103,0.8701 ± 0.0303
Wilt,40983,Features <= 10,17.5402,Medium,5,RF,BSSMOTE w/o ADASYN RBF,w/o ADASYN,RBF,0.8671 ± 0.0219,0.7474 ± 0.0495,0.9020 ± 0.0122,0.8613 ± 0.0286
Wilt,40983,Features <= 10,17.5402,Medium,5,RF,BSSMOTE w/o Clustering Linear,w/o Clustering,Linear,0.9052 ± 0.0260,0.7322 ± 0.0755,0.9141 ± 0.0271,0.8529 ± 0.0444
Wilt,40983,Features <= 10,17.5402,Medium,5,RF,BSSMOTE w/o Clustering RBF,w/o Clustering,RBF,0.9143 ± 0.0434,0.7399 ± 0.0772,0.9152 ± 0.0165,0.8575 ± 0.0459
Wilt,40983,Features <= 10,17.5402,Medium,5,RF,BSSMOTE w/o SVM,w/o SVM,--,0.8256 ± 0.0234,0.9044 ± 0.0348,0.8969 ± 0.0239,0.9457 ± 0.0184
Wilt,40983,Features <= 10,17.5402,Medium,5,RF,BorderlineSMOTE,Baseline,--,0.8599 ± 0.0314,0.8280 ± 0.0684,0.8896 ± 0.0209,0.9058 ± 0.0387
Wilt,40983,Features <= 10,17.5402,Medium,5,RF,Full BSSMOTE Linear,Full BSSMOTE,Linear,0.8640 ± 0.0212,0.7552 ± 0.0676,0.8899 ± 0.0260,0.8654 ± 0.0391
Wilt,40983,Features <= 10,17.5402,Medium,5,RF,Full BSSMOTE RBF,Full BSSMOTE,RBF,0.8872 ± 0.0055,0.7551 ± 0.0453,0.9057 ± 0.0180,0.8663 ± 0.0264
Wilt,40983,Features <= 10,17.5402,Medium,5,RF,KMeansSMOTE,Baseline,--,0.8998 ± 0.0300,0.7398 ± 0.0722,0.9089 ± 0.0128,0.8572 ± 0.0409
Wilt,40983,Features <= 10,17.5402,Medium,5,RF,None,None,--,0.9146 ± 0.0230,0.7435 ± 0.0600,0.9148 ± 0.0168,0.8600 ± 0.0349
Wilt,40983,Features <= 10,17.5402,Medium,5,RF,SMOTE,Baseline,--,0.8299 ± 0.0422,0.8892 ± 0.0502,0.8900 ± 0.0265,0.9377 ± 0.0268
Wilt,40983,Features <= 10,17.5402,Medium,5,RF,SVMSMOTE,Baseline,--,0.8699 ± 0.0238,0.8470 ± 0.0432,0.9030 ± 0.0225,0.9168 ± 0.0242
Mfeat-fourier,971,Features > 30,9.0,Medium,76,DT,ADASYN,Baseline,--,0.9697 ± 0.0118,0.9650 ± 0.0285,0.9395 ± 0.0343,0.9806 ± 0.0150
Mfeat-fourier,971,Features > 30,9.0,Medium,76,DT,BSSMOTE w/o ADASYN Linear,w/o ADASYN,Linear,0.9198 ± 0.0348,0.9650 ± 0.0285,0.8914 ± 0.0474,0.9776 ± 0.0152
Mfeat-fourier,971,Features > 30,9.0,Medium,76,DT,BSSMOTE w/o ADASYN RBF,w/o ADASYN,RBF,0.9151 ± 0.0345,0.9600 ± 0.0335,0.8827 ± 0.0479,0.9747 ± 0.0175
Mfeat-fourier,971,Features > 30,9.0,Medium,76,DT,BSSMOTE w/o Clustering Linear,w/o Clustering,Linear,0.9604 ± 0.0453,0.9550 ± 0.0512,0.9227 ± 0.0754,0.9748 ± 0.0277
Mfeat-fourier,971,Features > 30,9.0,Medium,76,DT,BSSMOTE w/o Clustering RBF,w/o Clustering,RBF,0.9568 ± 0.0308,0.9650 ± 0.0285,0.9263 ± 0.0188,0.9798 ± 0.0132
Mfeat-fourier,971,Features > 30,9.0,Medium,76,DT,BSSMOTE w/o SVM,w/o SVM,--,0.9471 ± 0.0658,0.9850 ± 0.0137,0.9339 ± 0.0572,0.9891 ± 0.0047
Mfeat-fourier,971,Features > 30,9.0,Medium,76,DT,BorderlineSMOTE,Baseline,--,0.9551 ± 0.0196,0.9500 ± 0.0468,0.9123 ± 0.0433,0.9720 ± 0.0240
Mfeat-fourier,971,Features > 30,9.0,Medium,76,DT,Full BSSMOTE Linear,Full BSSMOTE,Linear,0.9225 ± 0.0473,0.9800 ± 0.0326,0.9058 ± 0.0480,0.9851 ± 0.0159
Mfeat-fourier,971,Features > 30,9.0,Medium,76,DT,Full BSSMOTE RBF,Full BSSMOTE,RBF,0.9249 ± 0.0459,0.9600 ± 0.0224,0.8919 ± 0.0474,0.9753 ± 0.0115
Mfeat-fourier,971,Features > 30,9.0,Medium,76,DT,KMeansSMOTE,Baseline,--,0.9751 ± 0.0169,0.9650 ± 0.0379,0.9444 ± 0.0345,0.9808 ± 0.0192
Mfeat-fourier,971,Features > 30,9.0,Medium,76,DT,None,None,--,0.9550 ± 0.0267,0.9450 ± 0.0274,0.9081 ± 0.0389,0.9696 ± 0.0146
Mfeat-fourier,971,Features > 30,9.0,Medium,76,DT,SMOTE,Baseline,--,0.9567 ± 0.0445,0.9700 ± 0.0209,0.9316 ± 0.0587,0.9824 ± 0.0128
Mfeat-fourier,971,Features > 30,9.0,Medium,76,DT,SVMSMOTE,Baseline,--,0.9567 ± 0.0388,0.9750 ± 0.0250,0.9357 ± 0.0538,0.9849 ± 0.0141
Mfeat-fourier,971,Features > 30,9.0,Medium,76,LightGBM,ADASYN,Baseline,--,1.0000 ± 0.0000,0.9850 ± 0.0224,0.9941 ± 0.0119,0.9924 ± 0.0113
Mfeat-fourier,971,Features > 30,9.0,Medium,76,LightGBM,BSSMOTE w/o ADASYN Linear,w/o ADASYN,Linear,0.9949 ± 0.0114,0.9850 ± 0.0224,0.9988 ± 0.0016,0.9921 ± 0.0119
Mfeat-fourier,971,Features > 30,9.0,Medium,76,LightGBM,BSSMOTE w/o ADASYN RBF,w/o ADASYN,RBF,0.9949 ± 0.0114,0.9850 ± 0.0224,0.9986 ± 0.0019,0.9921 ± 0.0119
Mfeat-fourier,971,Features > 30,9.0,Medium,76,LightGBM,BSSMOTE w/o Clustering Linear,w/o Clustering,Linear,0.9949 ± 0.0114,0.9850 ± 0.0224,0.9992 ± 0.0012,0.9921 ± 0.0119
Mfeat-fourier,971,Features > 30,9.0,Medium,76,LightGBM,BSSMOTE w/o Clustering RBF,w/o Clustering,RBF,1.0000 ± 0.0000,0.9800 ± 0.0209,0.9985 ± 0.0023,0.9899 ± 0.0106
Mfeat-fourier,971,Features > 30,9.0,Medium,76,LightGBM,BSSMOTE w/o SVM,w/o SVM,--,0.9767 ± 0.0394,0.9850 ± 0.0224,0.9970 ± 0.0058,0.9910 ± 0.0112
Mfeat-fourier,971,Features > 30,9.0,Medium,76,LightGBM,BorderlineSMOTE,Baseline,--,0.9949 ± 0.0114,0.9850 ± 0.0224,0.9992 ± 0.0011,0.9921 ± 0.0119
Mfeat-fourier,971,Features > 30,9.0,Medium,76,LightGBM,Full BSSMOTE Linear,Full BSSMOTE,Linear,0.9851 ± 0.0223,0.9800 ± 0.0209,0.9985 ± 0.0020,0.9891 ± 0.0113
Mfeat-fourier,971,Features > 30,9.0,Medium,76,LightGBM,Full BSSMOTE RBF,Full BSSMOTE,RBF,0.9950 ± 0.0112,0.9800 ± 0.0209,0.9986 ± 0.0017,0.9896 ± 0.0107
Mfeat-fourier,971,Features > 30,9.0,Medium,76,LightGBM,KMeansSMOTE,Baseline,--,0.9949 ± 0.0114,0.9850 ± 0.0224,0.9949 ± 0.0095,0.9921 ± 0.0119
Mfeat-fourier,971,Features > 30,9.0,Medium,76,LightGBM,None,None,--,0.9949 ± 0.0114,0.9850 ± 0.0224,0.9991 ± 0.0013,0.9921 ± 0.0119
Mfeat-fourier,971,Features > 30,9.0,Medium,76,LightGBM,SMOTE,Baseline,--,0.9949 ± 0.0114,0.9800 ± 0.0209,0.9945 ± 0.0096,0.9896 ± 0.0111
Mfeat-fourier,971,Features > 30,9.0,Medium,76,LightGBM,SVMSMOTE,Baseline,--,0.9901 ± 0.0135,0.9850 ± 0.0137,0.9995 ± 0.0007,0.9919 ± 0.0068
Mfeat-fourier,971,Features > 30,9.0,Medium,76,RF,ADASYN,Baseline,--,1.0000 ± 0.0000,0.9650 ± 0.0285,0.9997 ± 0.0008,0.9823 ± 0.0145
Mfeat-fourier,971,Features > 30,9.0,Medium,76,RF,BSSMOTE w/o ADASYN Linear,w/o ADASYN,Linear,1.0000 ± 0.0000,0.9700 ± 0.0209,0.9995 ± 0.0010,0.9848 ± 0.0106
Mfeat-fourier,971,Features > 30,9.0,Medium,76,RF,BSSMOTE w/o ADASYN RBF,w/o ADASYN,RBF,1.0000 ± 0.0000,0.9650 ± 0.0285,0.9996 ± 0.0005,0.9823 ± 0.0145
Mfeat-fourier,971,Features > 30,9.0,Medium,76,RF,BSSMOTE w/o Clustering Linear,w/o Clustering,Linear,1.0000 ± 0.0000,0.9600 ± 0.0285,0.9995 ± 0.0007,0.9797 ± 0.0145
Mfeat-fourier,971,Features > 30,9.0,Medium,76,RF,BSSMOTE w/o Clustering RBF,w/o Clustering,RBF,1.0000 ± 0.0000,0.9700 ± 0.0209,0.9997 ± 0.0008,0.9848 ± 0.0106
Mfeat-fourier,971,Features > 30,9.0,Medium,76,RF,BSSMOTE w/o SVM,w/o SVM,--,1.0000 ± 0.0000,0.9600 ± 0.0379,0.9997 ± 0.0008,0.9796 ± 0.0195
Mfeat-fourier,971,Features > 30,9.0,Medium,76,RF,BorderlineSMOTE,Baseline,--,1.0000 ± 0.0000,0.9600 ± 0.0335,0.9995 ± 0.0007,0.9797 ± 0.0171
Mfeat-fourier,971,Features > 30,9.0,Medium,76,RF,Full BSSMOTE Linear,Full BSSMOTE,Linear,1.0000 ± 0.0000,0.9700 ± 0.0209,0.9997 ± 0.0008,0.9848 ± 0.0106
Mfeat-fourier,971,Features > 30,9.0,Medium,76,RF,Full BSSMOTE RBF,Full BSSMOTE,RBF,1.0000 ± 0.0000,0.9750 ± 0.0177,0.9997 ± 0.0008,0.9874 ± 0.0089
Mfeat-fourier,971,Features > 30,9.0,Medium,76,RF,KMeansSMOTE,Baseline,--,1.0000 ± 0.0000,0.9750 ± 0.0177,0.9987 ± 0.0029,0.9874 ± 0.0089
Mfeat-fourier,971,Features > 30,9.0,Medium,76,RF,None,None,--,1.0000 ± 0.0000,0.9650 ± 0.0285,0.9994 ± 0.0007,0.9823 ± 0.0145
Mfeat-fourier,971,Features > 30,9.0,Medium,76,RF,SMOTE,Baseline,--,1.0000 ± 0.0000,0.9700 ± 0.0209,0.9998 ± 0.0005,0.9848 ± 0.0106
Mfeat-fourier,971,Features > 30,9.0,Medium,76,RF,SVMSMOTE,Baseline,--,1.0000 ± 0.0000,0.9750 ± 0.0177,1.0000 ± 0.0000,0.9874 ± 0.0089
Mfeat-karhunen,1020,Features > 30,9.0,Medium,64,DT,ADASYN,Baseline,--,0.7921 ± 0.0731,0.8300 ± 0.0779,0.6719 ± 0.0561,0.8984 ± 0.0386
Mfeat-karhunen,1020,Features > 30,9.0,Medium,64,DT,BSSMOTE w/o ADASYN Linear,w/o ADASYN,Linear,0.8525 ± 0.0666,0.7850 ± 0.0335,0.6911 ± 0.0640,0.8789 ± 0.0195
Mfeat-karhunen,1020,Features > 30,9.0,Medium,64,DT,BSSMOTE w/o ADASYN RBF,w/o ADASYN,RBF,0.8579 ± 0.0580,0.8000 ± 0.0306,0.7070 ± 0.0606,0.8876 ± 0.0183
Mfeat-karhunen,1020,Features > 30,9.0,Medium,64,DT,BSSMOTE w/o Clustering Linear,w/o Clustering,Linear,0.7959 ± 0.0667,0.8250 ± 0.0637,0.6756 ± 0.0853,0.8969 ± 0.0359
Mfeat-karhunen,1020,Features > 30,9.0,Medium,64,DT,BSSMOTE w/o Clustering RBF,w/o Clustering,RBF,0.7843 ± 0.0155,0.8150 ± 0.0627,0.6573 ± 0.0396,0.8909 ± 0.0332
Mfeat-karhunen,1020,Features > 30,9.0,Medium,64,DT,BSSMOTE w/o SVM,w/o SVM,--,0.7447 ± 0.0052,0.8600 ± 0.0518,0.6544 ± 0.0329,0.9117 ± 0.0264
Mfeat-karhunen,1020,Features > 30,9.0,Medium,64,DT,BorderlineSMOTE,Baseline,--,0.8354 ± 0.1173,0.8100 ± 0.1040,0.7031 ± 0.1553,0.8904 ± 0.0622
Mfeat-karhunen,1020,Features > 30,9.0,Medium,64,DT,Full BSSMOTE Linear,Full BSSMOTE,Linear,0.8152 ± 0.0924,0.8100 ± 0.0762,0.6755 ± 0.0545,0.8890 ± 0.0371
Mfeat-karhunen,1020,Features > 30,9.0,Medium,64,DT,Full BSSMOTE RBF,Full BSSMOTE,RBF,0.7840 ± 0.0902,0.8650 ± 0.0487,0.6950 ± 0.1083,0.9171 ± 0.0319
Mfeat-karhunen,1020,Features > 30,9.0,Medium,64,DT,KMeansSMOTE,Baseline,--,0.8387 ± 0.0533,0.8700 ± 0.0447,0.7431 ± 0.0621,0.9236 ± 0.0244
Mfeat-karhunen,1020,Features > 30,9.0,Medium,64,DT,None,None,--,0.8552 ± 0.0819,0.7950 ± 0.0371,0.7016 ± 0.0817,0.8845 ± 0.0229
Mfeat-karhunen,1020,Features > 30,9.0,Medium,64,DT,SMOTE,Baseline,--,0.8837 ± 0.0172,0.8700 ± 0.0542,0.7817 ± 0.0430,0.9264 ± 0.0284
Mfeat-karhunen,1020,Features > 30,9.0,Medium,64,DT,SVMSMOTE,Baseline,--,0.7382 ± 0.0632,0.8650 ± 0.0576,0.6542 ± 0.0860,0.9135 ± 0.0333
Mfeat-karhunen,1020,Features > 30,9.0,Medium,64,LightGBM,ADASYN,Baseline,--,0.9893 ± 0.0146,0.9350 ± 0.0487,0.9866 ± 0.0088,0.9662 ± 0.0255
Mfeat-karhunen,1020,Features > 30,9.0,Medium,64,LightGBM,BSSMOTE w/o ADASYN Linear,w/o ADASYN,Linear,0.9950 ± 0.0112,0.9450 ± 0.0570,0.9893 ± 0.0082,0.9715 ± 0.0296
Mfeat-karhunen,1020,Features > 30,9.0,Medium,64,LightGBM,BSSMOTE w/o ADASYN RBF,w/o ADASYN,RBF,0.9894 ± 0.0145,0.9350 ± 0.0518,0.9892 ± 0.0091,0.9661 ± 0.0269
Mfeat-karhunen,1020,Features > 30,9.0,Medium,64,LightGBM,BSSMOTE w/o Clustering Linear,w/o Clustering,Linear,0.9893 ± 0.0146,0.9000 ± 0.0810,0.9899 ± 0.0062,0.9474 ± 0.0431
Mfeat-karhunen,1020,Features > 30,9.0,Medium,64,LightGBM,BSSMOTE w/o Clustering RBF,w/o Clustering,RBF,0.9947 ± 0.0118,0.9450 ± 0.0411,0.9919 ± 0.0052,0.9717 ± 0.0212
Mfeat-karhunen,1020,Features > 30,9.0,Medium,64,LightGBM,BSSMOTE w/o SVM,w/o SVM,--,0.9788 ± 0.0343,0.9400 ± 0.0518,0.9861 ± 0.0087,0.9682 ± 0.0283
Mfeat-karhunen,1020,Features > 30,9.0,Medium,64,LightGBM,BorderlineSMOTE,Baseline,--,0.9949 ± 0.0114,0.9050 ± 0.0873,0.9869 ± 0.0079,0.9501 ± 0.0461
Mfeat-karhunen,1020,Features > 30,9.0,Medium,64,LightGBM,Full BSSMOTE Linear,Full BSSMOTE,Linear,0.9950 ± 0.0112,0.9200 ± 0.0694,0.9890 ± 0.0073,0.9583 ± 0.0360
Mfeat-karhunen,1020,Features > 30,9.0,Medium,64,LightGBM,Full BSSMOTE RBF,Full BSSMOTE,RBF,0.9949 ± 0.0114,0.9400 ± 0.0576,0.9919 ± 0.0068,0.9689 ± 0.0299
Mfeat-karhunen,1020,Features > 30,9.0,Medium,64,LightGBM,KMeansSMOTE,Baseline,--,0.9698 ± 0.0390,0.9300 ± 0.0758,0.9898 ± 0.0075,0.9621 ± 0.0404
Mfeat-karhunen,1020,Features > 30,9.0,Medium,64,LightGBM,None,None,--,0.9897 ± 0.0141,0.9200 ± 0.0873,0.9895 ± 0.0072,0.9577 ± 0.0464
Mfeat-karhunen,1020,Features > 30,9.0,Medium,64,LightGBM,SMOTE,Baseline,--,0.9843 ± 0.0144,0.9500 ± 0.0468,0.9900 ± 0.0092,0.9736 ± 0.0246
Mfeat-karhunen,1020,Features > 30,9.0,Medium,64,LightGBM,SVMSMOTE,Baseline,--,0.9760 ± 0.0412,0.9600 ± 0.0379,0.9909 ± 0.0070,0.9783 ± 0.0198
Mfeat-karhunen,1020,Features > 30,9.0,Medium,64,RF,ADASYN,Baseline,--,1.0000 ± 0.0000,0.8250 ± 0.1016,0.9884 ± 0.0071,0.9069 ± 0.0569
Mfeat-karhunen,1020,Features > 30,9.0,Medium,64,RF,BSSMOTE w/o ADASYN Linear,w/o ADASYN,Linear,1.0000 ± 0.0000,0.8100 ± 0.0762,0.9921 ± 0.0066,0.8992 ± 0.0428
Mfeat-karhunen,1020,Features > 30,9.0,Medium,64,RF,BSSMOTE w/o ADASYN RBF,w/o ADASYN,RBF,1.0000 ± 0.0000,0.8150 ± 0.0840,0.9923 ± 0.0055,0.9018 ± 0.0478
Mfeat-karhunen,1020,Features > 30,9.0,Medium,64,RF,BSSMOTE w/o Clustering Linear,w/o Clustering,Linear,1.0000 ± 0.0000,0.7750 ± 0.0707,0.9896 ± 0.0061,0.8795 ± 0.0414
Mfeat-karhunen,1020,Features > 30,9.0,Medium,64,RF,BSSMOTE w/o Clustering RBF,w/o Clustering,RBF,1.0000 ± 0.0000,0.8000 ± 0.0530,0.9937 ± 0.0085,0.8940 ± 0.0298
Mfeat-karhunen,1020,Features > 30,9.0,Medium,64,RF,BSSMOTE w/o SVM,w/o SVM,--,1.0000 ± 0.0000,0.8400 ± 0.1207,0.9911 ± 0.0052,0.9145 ± 0.0677
Mfeat-karhunen,1020,Features > 30,9.0,Medium,64,RF,BorderlineSMOTE,Baseline,--,1.0000 ± 0.0000,0.7800 ± 0.0737,0.9910 ± 0.0064,0.8824 ± 0.0411
Mfeat-karhunen,1020,Features > 30,9.0,Medium,64,RF,Full BSSMOTE Linear,Full BSSMOTE,Linear,0.9943 ± 0.0128,0.8050 ± 0.0737,0.9884 ± 0.0085,0.8962 ± 0.0422
Mfeat-karhunen,1020,Features > 30,9.0,Medium,64,RF,Full BSSMOTE RBF,Full BSSMOTE,RBF,1.0000 ± 0.0000,0.8300 ± 0.0542,0.9947 ± 0.0054,0.9106 ± 0.0296
Mfeat-karhunen,1020,Features > 30,9.0,Medium,64,RF,KMeansSMOTE,Baseline,--,0.9944 ± 0.0124,0.8750 ± 0.0586,0.9885 ± 0.0092,0.9348 ± 0.0308
Mfeat-karhunen,1020,Features > 30,9.0,Medium,64,RF,None,None,--,1.0000 ± 0.0000,0.8050 ± 0.1052,0.9903 ± 0.0067,0.8956 ± 0.0610
Mfeat-karhunen,1020,Features > 30,9.0,Medium,64,RF,SMOTE,Baseline,--,0.9947 ± 0.0118,0.8900 ± 0.0518,0.9920 ± 0.0065,0.9428 ± 0.0273
Mfeat-karhunen,1020,Features > 30,9.0,Medium,64,RF,SVMSMOTE,Baseline,--,1.0000 ± 0.0000,0.9300 ± 0.0694,0.9903 ± 0.0059,0.9638 ± 0.0364
Optdigits,980,Features > 30,8.8252,Medium,64,DT,ADASYN,Baseline,--,0.7927 ± 0.0318,0.8566 ± 0.0185,0.6936 ± 0.0289,0.9136 ± 0.0097
Optdigits,980,Features > 30,8.8252,Medium,64,DT,BSSMOTE w/o ADASYN Linear,w/o ADASYN,Linear,0.7889 ± 0.0525,0.8847 ± 0.0222,0.7105 ± 0.0603,0.9277 ± 0.0148
Optdigits,980,Features > 30,8.8252,Medium,64,DT,BSSMOTE w/o ADASYN RBF,w/o ADASYN,RBF,0.7943 ± 0.0241,0.8881 ± 0.0297,0.7170 ± 0.0340,0.9299 ± 0.0158
Optdigits,980,Features > 30,8.8252,Medium,64,DT,BSSMOTE w/o Clustering Linear,w/o Clustering,Linear,0.8645 ± 0.0388,0.8759 ± 0.0301,0.7691 ± 0.0233,0.9283 ± 0.0139
Optdigits,980,Features > 30,8.8252,Medium,64,DT,BSSMOTE w/o Clustering RBF,w/o Clustering,RBF,0.8574 ± 0.0266,0.8549 ± 0.0306,0.7475 ± 0.0233,0.9169 ± 0.0155
Optdigits,980,Features > 30,8.8252,Medium,64,DT,BSSMOTE w/o SVM,w/o SVM,--,0.7665 ± 0.0262,0.8846 ± 0.0314,0.6895 ± 0.0244,0.9258 ± 0.0151
Optdigits,980,Features > 30,8.8252,Medium,64,DT,BorderlineSMOTE,Baseline,--,0.8363 ± 0.0156,0.8392 ± 0.0100,0.7183 ± 0.0190,0.9075 ± 0.0060
Optdigits,980,Features > 30,8.8252,Medium,64,DT,Full BSSMOTE Linear,Full BSSMOTE,Linear,0.7864 ± 0.0581,0.8934 ± 0.0291,0.7145 ± 0.0681,0.9318 ± 0.0188
Optdigits,980,Features > 30,8.8252,Medium,64,DT,Full BSSMOTE RBF,Full BSSMOTE,RBF,0.7951 ± 0.0178,0.8742 ± 0.0417,0.7080 ± 0.0360,0.9228 ± 0.0217
Optdigits,980,Features > 30,8.8252,Medium,64,DT,KMeansSMOTE,Baseline,--,0.8476 ± 0.0364,0.8934 ± 0.0168,0.7677 ± 0.0246,0.9364 ± 0.0071
Optdigits,980,Features > 30,8.8252,Medium,64,DT,None,None,--,0.8560 ± 0.0365,0.8620 ± 0.0377,0.7517 ± 0.0396,0.9205 ± 0.0195
Optdigits,980,Features > 30,8.8252,Medium,64,DT,SMOTE,Baseline,--,0.8755 ± 0.0285,0.8776 ± 0.0218,0.7806 ± 0.0248,0.9300 ± 0.0109
Optdigits,980,Features > 30,8.8252,Medium,64,DT,SVMSMOTE,Baseline,--,0.8591 ± 0.0506,0.9072 ± 0.0270,0.7897 ± 0.0642,0.9443 ± 0.0166
Optdigits,980,Features > 30,8.8252,Medium,64,LightGBM,ADASYN,Baseline,--,0.9839 ± 0.0117,0.9545 ± 0.0169,0.9948 ± 0.0025,0.9761 ± 0.0090
Optdigits,980,Features > 30,8.8252,Medium,64,LightGBM,BSSMOTE w/o ADASYN Linear,w/o ADASYN,Linear,0.9664 ± 0.0095,0.9546 ± 0.0169,0.9922 ± 0.0038,0.9751 ± 0.0088
Optdigits,980,Features > 30,8.8252,Medium,64,LightGBM,BSSMOTE w/o ADASYN RBF,w/o ADASYN,RBF,0.9662 ± 0.0078,0.9510 ± 0.0261,0.9920 ± 0.0054,0.9733 ± 0.0137
Optdigits,980,Features > 30,8.8252,Medium,64,LightGBM,BSSMOTE w/o Clustering Linear,w/o Clustering,Linear,0.9926 ± 0.0077,0.9423 ± 0.0171,0.9951 ± 0.0022,0.9703 ± 0.0091
Optdigits,980,Features > 30,8.8252,Medium,64,LightGBM,BSSMOTE w/o Clustering RBF,w/o Clustering,RBF,0.9907 ± 0.0066,0.9441 ± 0.0259,0.9943 ± 0.0013,0.9711 ± 0.0136
Optdigits,980,Features > 30,8.8252,Medium,64,LightGBM,BSSMOTE w/o SVM,w/o SVM,--,0.9701 ± 0.0160,0.9615 ± 0.0147,0.9932 ± 0.0030,0.9789 ± 0.0082
Optdigits,980,Features > 30,8.8252,Medium,64,LightGBM,BorderlineSMOTE,Baseline,--,0.9798 ± 0.0152,0.9388 ± 0.0334,0.9942 ± 0.0043,0.9677 ± 0.0178
Optdigits,980,Features > 30,8.8252,Medium,64,LightGBM,Full BSSMOTE Linear,Full BSSMOTE,Linear,0.9596 ± 0.0102,0.9563 ± 0.0164,0.9911 ± 0.0049,0.9756 ± 0.0087
Optdigits,980,Features > 30,8.8252,Medium,64,LightGBM,Full BSSMOTE RBF,Full BSSMOTE,RBF,0.9752 ± 0.0145,0.9580 ± 0.0169,0.9921 ± 0.0033,0.9774 ± 0.0089
Optdigits,980,Features > 30,8.8252,Medium,64,LightGBM,KMeansSMOTE,Baseline,--,0.9890 ± 0.0076,0.9441 ± 0.0228,0.9948 ± 0.0040,0.9710 ± 0.0119
Optdigits,980,Features > 30,8.8252,Medium,64,LightGBM,None,None,--,0.9926 ± 0.0078,0.9423 ± 0.0267,0.9949 ± 0.0031,0.9703 ± 0.0140
Optdigits,980,Features > 30,8.8252,Medium,64,LightGBM,SMOTE,Baseline,--,0.9890 ± 0.0077,0.9476 ± 0.0255,0.9949 ± 0.0032,0.9728 ± 0.0134
Optdigits,980,Features > 30,8.8252,Medium,64,LightGBM,SVMSMOTE,Baseline,--,0.9773 ± 0.0145,0.9702 ± 0.0212,0.9954 ± 0.0032,0.9837 ± 0.0109
Optdigits,980,Features > 30,8.8252,Medium,64,RF,ADASYN,Baseline,--,0.9904 ± 0.0003,0.9021 ± 0.0325,0.9923 ± 0.0021,0.9492 ± 0.0171
Optdigits,980,Features > 30,8.8252,Medium,64,RF,BSSMOTE w/o ADASYN Linear,w/o ADASYN,Linear,0.9866 ± 0.0087,0.9108 ± 0.0311,0.9905 ± 0.0034,0.9536 ± 0.0166
Optdigits,980,Features > 30,8.8252,Medium,64,RF,BSSMOTE w/o ADASYN RBF,w/o ADASYN,RBF,0.9847 ± 0.0110,0.9074 ± 0.0251,0.9903 ± 0.0051,0.9517 ± 0.0136
Optdigits,980,Features > 30,8.8252,Medium,64,RF,BSSMOTE w/o Clustering Linear,w/o Clustering,Linear,0.9921 ± 0.0083,0.8882 ± 0.0271,0.9927 ± 0.0031,0.9420 ± 0.0146
Optdigits,980,Features > 30,8.8252,Medium,64,RF,BSSMOTE w/o Clustering RBF,w/o Clustering,RBF,1.0000 ± 0.0000,0.8916 ± 0.0300,0.9936 ± 0.0043,0.9442 ± 0.0158
Optdigits,980,Features > 30,8.8252,Medium,64,RF,BSSMOTE w/o SVM,w/o SVM,--,0.9849 ± 0.0053,0.9126 ± 0.0372,0.9917 ± 0.0026,0.9544 ± 0.0196
Optdigits,980,Features > 30,8.8252,Medium,64,RF,BorderlineSMOTE,Baseline,--,0.9918 ± 0.0085,0.8671 ± 0.0356,0.9902 ± 0.0053,0.9307 ± 0.0194
Optdigits,980,Features > 30,8.8252,Medium,64,RF,Full BSSMOTE Linear,Full BSSMOTE,Linear,0.9884 ± 0.0081,0.9039 ± 0.0355,0.9906 ± 0.0035,0.9500 ± 0.0188
Optdigits,980,Features > 30,8.8252,Medium,64,RF,Full BSSMOTE RBF,Full BSSMOTE,RBF,0.9807 ± 0.0154,0.9004 ± 0.0383,0.9886 ± 0.0044,0.9478 ± 0.0206
Optdigits,980,Features > 30,8.8252,Medium,64,RF,KMeansSMOTE,Baseline,--,0.9887 ± 0.0044,0.9161 ± 0.0249,0.9951 ± 0.0020,0.9565 ± 0.0131
Optdigits,980,Features > 30,8.8252,Medium,64,RF,None,None,--,0.9961 ± 0.0053,0.8846 ± 0.0226,0.9935 ± 0.0034,0.9403 ± 0.0119
Optdigits,980,Features > 30,8.8252,Medium,64,RF,SMOTE,Baseline,--,0.9943 ± 0.0052,0.9231 ± 0.0272,0.9948 ± 0.0028,0.9604 ± 0.0142
Optdigits,980,Features > 30,8.8252,Medium,64,RF,SVMSMOTE,Baseline,--,0.9816 ± 0.0090,0.9300 ± 0.0241,0.9944 ± 0.0024,0.9633 ± 0.0125
Satellite,40900,Features > 30,67.0,Extreme,36,DT,ADASYN,Baseline,--,0.4588 ± 0.1350,0.6667 ± 0.1764,0.3211 ± 0.1385,0.8050 ± 0.1130
Satellite,40900,Features > 30,67.0,Extreme,36,DT,BSSMOTE w/o ADASYN Linear,w/o ADASYN,Linear,0.3259 ± 0.0484,0.8533 ± 0.1282,0.2773 ± 0.0372,0.9086 ± 0.0665
Satellite,40900,Features > 30,67.0,Extreme,36,DT,BSSMOTE w/o ADASYN RBF,w/o ADASYN,RBF,0.3470 ± 0.0430,0.8400 ± 0.1382,0.2919 ± 0.0444,0.9026 ± 0.0727
Satellite,40900,Features > 30,67.0,Extreme,36,DT,BSSMOTE w/o Clustering Linear,w/o Clustering,Linear,0.6591 ± 0.1280,0.7333 ± 0.1054,0.4783 ± 0.0597,0.8517 ± 0.0598
Satellite,40900,Features > 30,67.0,Extreme,36,DT,BSSMOTE w/o Clustering RBF,w/o Clustering,RBF,0.5644 ± 0.0334,0.5600 ± 0.1535,0.3210 ± 0.0768,0.7396 ± 0.1061
Satellite,40900,Features > 30,67.0,Extreme,36,DT,BSSMOTE w/o SVM,w/o SVM,--,0.2649 ± 0.0558,0.7867 ± 0.1282,0.2150 ± 0.0662,0.8696 ± 0.0727
Satellite,40900,Features > 30,67.0,Extreme,36,DT,BorderlineSMOTE,Baseline,--,0.5998 ± 0.0879,0.7333 ± 0.1333,0.4407 ± 0.0794,0.8502 ± 0.0748
Satellite,40900,Features > 30,67.0,Extreme,36,DT,Full BSSMOTE Linear,Full BSSMOTE,Linear,0.3380 ± 0.0383,0.8400 ± 0.1115,0.2852 ± 0.0401,0.9032 ± 0.0600
Satellite,40900,Features > 30,67.0,Extreme,36,DT,Full BSSMOTE RBF,Full BSSMOTE,RBF,0.3245 ± 0.0833,0.7867 ± 0.1095,0.2611 ± 0.0843,0.8737 ± 0.0602
Satellite,40900,Features > 30,67.0,Extreme,36,DT,KMeansSMOTE,Baseline,--,0.5849 ± 0.1362,0.6933 ± 0.1011,0.4060 ± 0.0883,0.8274 ± 0.0593
Satellite,40900,Features > 30,67.0,Extreme,36,DT,None,None,--,0.6551 ± 0.1344,0.7200 ± 0.0869,0.4687 ± 0.0712,0.8444 ± 0.0501
Satellite,40900,Features > 30,67.0,Extreme,36,DT,SMOTE,Baseline,--,0.4771 ± 0.0695,0.7200 ± 0.1095,0.3512 ± 0.0952,0.8415 ± 0.0636
Satellite,40900,Features > 30,67.0,Extreme,36,DT,SVMSMOTE,Baseline,--,0.5262 ± 0.1536,0.6267 ± 0.1211,0.3279 ± 0.0755,0.7846 ± 0.0768
Satellite,40900,Features > 30,67.0,Extreme,36,LightGBM,ADASYN,Baseline,--,0.7746 ± 0.0681,0.7200 ± 0.1193,0.8336 ± 0.0664,0.8447 ± 0.0721
Satellite,40900,Features > 30,67.0,Extreme,36,LightGBM,BSSMOTE w/o ADASYN Linear,w/o ADASYN,Linear,0.4533 ± 0.0716,0.7867 ± 0.1192,0.7996 ± 0.0994,0.8784 ± 0.0688
Satellite,40900,Features > 30,67.0,Extreme,36,LightGBM,BSSMOTE w/o ADASYN RBF,w/o ADASYN,RBF,0.4695 ± 0.0964,0.8000 ± 0.1491,0.7717 ± 0.0628,0.8849 ± 0.0826
Satellite,40900,Features > 30,67.0,Extreme,36,LightGBM,BSSMOTE w/o Clustering Linear,w/o Clustering,Linear,0.9057 ± 0.0721,0.6666 ± 0.1247,0.8291 ± 0.0730,0.8131 ± 0.0777
Satellite,40900,Features > 30,67.0,Extreme,36,LightGBM,BSSMOTE w/o Clustering RBF,w/o Clustering,RBF,0.9211 ± 0.0839,0.6800 ± 0.1726,0.8431 ± 0.0775,0.8186 ± 0.1070
Satellite,40900,Features > 30,67.0,Extreme,36,LightGBM,BSSMOTE w/o SVM,w/o SVM,--,0.4200 ± 0.0699,0.8267 ± 0.0596,0.7732 ± 0.0575,0.9007 ± 0.0307
Satellite,40900,Features > 30,67.0,Extreme,36,LightGBM,BorderlineSMOTE,Baseline,--,0.8147 ± 0.1108,0.7200 ± 0.1283,0.8117 ± 0.0896,0.8445 ± 0.0767
Satellite,40900,Features > 30,67.0,Extreme,36,LightGBM,Full BSSMOTE Linear,Full BSSMOTE,Linear,0.4522 ± 0.0770,0.8000 ± 0.1491,0.7972 ± 0.0766,0.8845 ± 0.0824
Satellite,40900,Features > 30,67.0,Extreme,36,LightGBM,Full BSSMOTE RBF,Full BSSMOTE,RBF,0.3934 ± 0.0654,0.8400 ± 0.1116,0.7556 ± 0.0939,0.9056 ± 0.0584
Satellite,40900,Features > 30,67.0,Extreme,36,LightGBM,KMeansSMOTE,Baseline,--,0.8106 ± 0.1540,0.7200 ± 0.0730,0.8416 ± 0.0635,0.8463 ± 0.0436
Satellite,40900,Features > 30,67.0,Extreme,36,LightGBM,None,None,--,0.9446 ± 0.0874,0.6800 ± 0.1366,0.8404 ± 0.0861,0.8209 ± 0.0845
Satellite,40900,Features > 30,67.0,Extreme,36,LightGBM,SMOTE,Baseline,--,0.7984 ± 0.0807,0.7066 ± 0.1535,0.8386 ± 0.0671,0.8357 ± 0.0905
Satellite,40900,Features > 30,67.0,Extreme,36,LightGBM,SVMSMOTE,Baseline,--,0.8628 ± 0.0419,0.6800 ± 0.1520,0.8094 ± 0.0902,0.8196 ± 0.0945
Satellite,40900,Features > 30,67.0,Extreme,36,RF,ADASYN,Baseline,--,0.8157 ± 0.0658,0.6800 ± 0.1282,0.8235 ± 0.0702,0.8204 ± 0.0818
Satellite,40900,Features > 30,67.0,Extreme,36,RF,BSSMOTE w/o ADASYN Linear,w/o ADASYN,Linear,0.4453 ± 0.0819,0.8533 ± 0.0869,0.7946 ± 0.0852,0.9150 ± 0.0438
Satellite,40900,Features > 30,67.0,Extreme,36,RF,BSSMOTE w/o ADASYN RBF,w/o ADASYN,RBF,0.4426 ± 0.0735,0.8533 ± 0.0869,0.7899 ± 0.0892,0.9150 ± 0.0438
Satellite,40900,Features > 30,67.0,Extreme,36,RF,BSSMOTE w/o Clustering Linear,w/o Clustering,Linear,0.8859 ± 0.0825,0.6400 ± 0.1299,0.8302 ± 0.0904,0.7960 ± 0.0837
Satellite,40900,Features > 30,67.0,Extreme,36,RF,BSSMOTE w/o Clustering RBF,w/o Clustering,RBF,0.9381 ± 0.0852,0.6400 ± 0.1739,0.8272 ± 0.0876,0.7933 ± 0.1125
Satellite,40900,Features > 30,67.0,Extreme,36,RF,BSSMOTE w/o SVM,w/o SVM,--,0.4911 ± 0.0529,0.8000 ± 0.1054,0.7923 ± 0.0784,0.8872 ± 0.0584
Satellite,40900,Features > 30,67.0,Extreme,36,RF,BorderlineSMOTE,Baseline,--,0.8618 ± 0.0993,0.6267 ± 0.1300,0.8266 ± 0.0592,0.7869 ± 0.0879
Satellite,40900,Features > 30,67.0,Extreme,36,RF,Full BSSMOTE Linear,Full BSSMOTE,Linear,0.4562 ± 0.0694,0.8667 ± 0.0816,0.7972 ± 0.0904,0.9225 ± 0.0405
Satellite,40900,Features > 30,67.0,Extreme,36,RF,Full BSSMOTE RBF,Full BSSMOTE,RBF,0.4903 ± 0.0871,0.8400 ± 0.1011,0.7704 ± 0.0818,0.9090 ± 0.0552
Satellite,40900,Features > 30,67.0,Extreme,36,RF,KMeansSMOTE,Baseline,--,0.8338 ± 0.0762,0.7067 ± 0.1461,0.8384 ± 0.0423,0.8357 ± 0.0915
Satellite,40900,Features > 30,67.0,Extreme,36,RF,None,None,--,0.9179 ± 0.0487,0.6267 ± 0.1211,0.8302 ± 0.1033,0.7882 ± 0.0783
Satellite,40900,Features > 30,67.0,Extreme,36,RF,SMOTE,Baseline,--,0.7727 ± 0.0971,0.7067 ± 0.0760,0.8328 ± 0.0773,0.8382 ± 0.0449
Satellite,40900,Features > 30,67.0,Extreme,36,RF,SVMSMOTE,Baseline,--,0.8360 ± 0.1242,0.6800 ± 0.0989,0.8215 ± 0.0514,0.8218 ± 0.0602
