Model,Metric,Method_A,Method_B,Wilcoxon_Statistic,Raw_p_value,Holm_p_value,Significant_0.05
DT,Precision,None,SMOTE,21.0,4.943848e-02,1.000000e+00,False
DT,Precision,None,ADASYN,3.0,6.103516e-04,3.784180e-02,True
DT,Precision,None,BorderlineSMOTE,3.0,6.103516e-04,3.784180e-02,True
DT,Precision,None,KMeansSMOTE,27.0,1.188965e-01,1.000000e+00,False
DT,Precision,None,SVMSMOTE,22.0,5.798340e-02,1.000000e+00,False
DT,Precision,None,Full BSSMOTE Linear,1.0,2.441406e-04,1.708984e-02,True
DT,Precision,None,Full BSSMOTE RBF,1.0,2.441406e-04,1.708984e-02,True
DT,Precision,None,BSSMOTE w/o Clustering Linear,36.0,3.258057e-01,1.000000e+00,False
DT,Precision,None,BSSMOTE w/o Clustering RBF,51.0,9.515381e-01,1.000000e+00,False
DT,Precision,None,BSSMOTE w/o ADASYN Linear,3.0,6.103516e-04,3.784180e-02,True
DT,Precision,None,BSSMOTE w/o ADASYN RBF,3.0,6.103516e-04,3.784180e-02,True
DT,Precision,None,BSSMOTE w/o SVM,3.0,6.103516e-04,3.784180e-02,True
DT,Precision,SMOTE,ADASYN,23.0,6.762695e-02,1.000000e+00,False
DT,Precision,SMOTE,BorderlineSMOTE,41.0,5.015869e-01,1.000000e+00,False
DT,Precision,SMOTE,KMeansSMOTE,14.0,1.342773e-02,4.699707e-01,False
DT,Precision,SMOTE,SVMSMOTE,27.0,1.188965e-01,1.000000e+00,False
DT,Precision,SMOTE,Full BSSMOTE Linear,1.0,2.441406e-04,1.708984e-02,True
DT,Precision,SMOTE,Full BSSMOTE RBF,3.0,6.103516e-04,3.784180e-02,True
DT,Precision,SMOTE,BSSMOTE w/o Clustering Linear,14.0,1.342773e-02,4.699707e-01,False
DT,Precision,SMOTE,BSSMOTE w/o Clustering RBF,20.0,4.187012e-02,1.000000e+00,False
DT,Precision,SMOTE,BSSMOTE w/o ADASYN Linear,6.0,1.708984e-03,8.544922e-02,False
DT,Precision,SMOTE,BSSMOTE w/o ADASYN RBF,6.0,1.708984e-03,8.544922e-02,False
DT,Precision,SMOTE,BSSMOTE w/o SVM,4.0,8.544922e-04,4.699707e-02,True
DT,Precision,ADASYN,BorderlineSMOTE,25.0,9.057617e-02,1.000000e+00,False
DT,Precision,ADASYN,KMeansSMOTE,0.0,1.220703e-04,9.521484e-03,True
DT,Precision,ADASYN,SVMSMOTE,13.0,1.074219e-02,3.974609e-01,False
DT,Precision,ADASYN,Full BSSMOTE Linear,14.0,1.342773e-02,4.699707e-01,False
DT,Precision,ADASYN,Full BSSMOTE RBF,13.0,1.074219e-02,3.974609e-01,False
DT,Precision,ADASYN,BSSMOTE w/o Clustering Linear,2.0,3.662109e-04,2.416992e-02,True
DT,Precision,ADASYN,BSSMOTE w/o Clustering RBF,4.0,8.544922e-04,4.699707e-02,True
DT,Precision,ADASYN,BSSMOTE w/o ADASYN Linear,24.0,7.849121e-02,1.000000e+00,False
DT,Precision,ADASYN,BSSMOTE w/o ADASYN RBF,26.0,1.040039e-01,1.000000e+00,False
DT,Precision,ADASYN,BSSMOTE w/o SVM,5.0,1.220703e-03,6.469727e-02,False
DT,Precision,BorderlineSMOTE,KMeansSMOTE,15.0,1.660156e-02,5.312500e-01,False
DT,Precision,BorderlineSMOTE,SVMSMOTE,32.0,2.165527e-01,1.000000e+00,False
DT,Precision,BorderlineSMOTE,Full BSSMOTE Linear,6.0,1.708984e-03,8.544922e-02,False
DT,Precision,BorderlineSMOTE,Full BSSMOTE RBF,6.0,1.708984e-03,8.544922e-02,False
DT,Precision,BorderlineSMOTE,BSSMOTE w/o Clustering Linear,6.0,1.708984e-03,8.544922e-02,False
DT,Precision,BorderlineSMOTE,BSSMOTE w/o Clustering RBF,17.0,2.453613e-02,7.115479e-01,False
DT,Precision,BorderlineSMOTE,BSSMOTE w/o ADASYN Linear,15.0,1.660156e-02,5.312500e-01,False
DT,Precision,BorderlineSMOTE,BSSMOTE w/o ADASYN RBF,15.0,1.660156e-02,5.312500e-01,False
DT,Precision,BorderlineSMOTE,BSSMOTE w/o SVM,7.0,2.319336e-03,1.020508e-01,False
DT,Precision,KMeansSMOTE,SVMSMOTE,34.0,2.675781e-01,1.000000e+00,False
DT,Precision,KMeansSMOTE,Full BSSMOTE Linear,0.0,1.220703e-04,9.521484e-03,True
DT,Precision,KMeansSMOTE,Full BSSMOTE RBF,0.0,1.220703e-04,9.521484e-03,True
DT,Precision,KMeansSMOTE,BSSMOTE w/o Clustering Linear,34.0,2.675781e-01,1.000000e+00,False
DT,Precision,KMeansSMOTE,BSSMOTE w/o Clustering RBF,47.0,7.608643e-01,1.000000e+00,False
DT,Precision,KMeansSMOTE,BSSMOTE w/o ADASYN Linear,1.0,2.441406e-04,1.708984e-02,True
DT,Precision,KMeansSMOTE,BSSMOTE w/o ADASYN RBF,2.0,3.662109e-04,2.416992e-02,True
DT,Precision,KMeansSMOTE,BSSMOTE w/o SVM,0.0,1.220703e-04,9.521484e-03,True
DT,Precision,SVMSMOTE,Full BSSMOTE Linear,9.0,4.028320e-03,1.691895e-01,False
DT,Precision,SVMSMOTE,Full BSSMOTE RBF,5.0,1.220703e-03,6.469727e-02,False
DT,Precision,SVMSMOTE,BSSMOTE w/o Clustering Linear,12.0,8.544922e-03,3.247070e-01,False
DT,Precision,SVMSMOTE,BSSMOTE w/o Clustering RBF,24.0,7.849121e-02,1.000000e+00,False
DT,Precision,SVMSMOTE,BSSMOTE w/o ADASYN Linear,11.0,6.713867e-03,2.685547e-01,False
DT,Precision,SVMSMOTE,BSSMOTE w/o ADASYN RBF,11.0,6.713867e-03,2.685547e-01,False
DT,Precision,SVMSMOTE,BSSMOTE w/o SVM,3.0,6.103516e-04,3.784180e-02,True
DT,Precision,Full BSSMOTE Linear,Full BSSMOTE RBF,48.0,8.077393e-01,1.000000e+00,False
DT,Precision,Full BSSMOTE Linear,BSSMOTE w/o Clustering Linear,2.0,3.662109e-04,2.416992e-02,True
DT,Precision,Full BSSMOTE Linear,BSSMOTE w/o Clustering RBF,2.0,3.662109e-04,2.416992e-02,True
DT,Precision,Full BSSMOTE Linear,BSSMOTE w/o ADASYN Linear,33.0,2.412109e-01,1.000000e+00,False
DT,Precision,Full BSSMOTE Linear,BSSMOTE w/o ADASYN RBF,25.0,9.057617e-02,1.000000e+00,False
DT,Precision,Full BSSMOTE Linear,BSSMOTE w/o SVM,41.0,5.015869e-01,1.000000e+00,False
DT,Precision,Full BSSMOTE RBF,BSSMOTE w/o Clustering Linear,0.0,1.220703e-04,9.521484e-03,True
DT,Precision,Full BSSMOTE RBF,BSSMOTE w/o Clustering RBF,0.0,1.220703e-04,9.521484e-03,True
DT,Precision,Full BSSMOTE RBF,BSSMOTE w/o ADASYN Linear,40.0,4.631348e-01,1.000000e+00,False
DT,Precision,Full BSSMOTE RBF,BSSMOTE w/o ADASYN RBF,31.0,1.937256e-01,1.000000e+00,False
DT,Precision,Full BSSMOTE RBF,BSSMOTE w/o SVM,39.0,4.262695e-01,1.000000e+00,False
DT,Precision,BSSMOTE w/o Clustering Linear,BSSMOTE w/o Clustering RBF,18.0,2.954102e-02,8.271484e-01,False
DT,Precision,BSSMOTE w/o Clustering Linear,BSSMOTE w/o ADASYN Linear,6.0,1.708984e-03,8.544922e-02,False
DT,Precision,BSSMOTE w/o Clustering Linear,BSSMOTE w/o ADASYN RBF,5.0,1.220703e-03,6.469727e-02,False
DT,Precision,BSSMOTE w/o Clustering Linear,BSSMOTE w/o SVM,0.0,1.220703e-04,9.521484e-03,True
DT,Precision,BSSMOTE w/o Clustering RBF,BSSMOTE w/o ADASYN Linear,8.0,3.051758e-03,1.312256e-01,False
DT,Precision,BSSMOTE w/o Clustering RBF,BSSMOTE w/o ADASYN RBF,9.0,4.028320e-03,1.691895e-01,False
DT,Precision,BSSMOTE w/o Clustering RBF,BSSMOTE w/o SVM,0.0,1.220703e-04,9.521484e-03,True
DT,Precision,BSSMOTE w/o ADASYN Linear,BSSMOTE w/o ADASYN RBF,40.0,4.631348e-01,1.000000e+00,False
DT,Precision,BSSMOTE w/o ADASYN Linear,BSSMOTE w/o SVM,36.0,3.258057e-01,1.000000e+00,False
DT,Precision,BSSMOTE w/o ADASYN RBF,BSSMOTE w/o SVM,34.0,2.675781e-01,1.000000e+00,False
DT,Recall,None,SMOTE,7.0,2.319336e-03,1.530762e-01,False
DT,Recall,None,ADASYN,17.0,2.453613e-02,1.000000e+00,False
DT,Recall,None,BorderlineSMOTE,17.0,2.453613e-02,1.000000e+00,False
DT,Recall,None,KMeansSMOTE,40.0,7.007034e-01,1.000000e+00,False
DT,Recall,None,SVMSMOTE,14.0,1.342773e-02,6.311035e-01,False
DT,Recall,None,Full BSSMOTE Linear,3.0,6.103516e-04,4.394531e-02,True
DT,Recall,None,Full BSSMOTE RBF,6.0,1.708984e-03,1.162109e-01,False
DT,Recall,None,BSSMOTE w/o Clustering Linear,3.0,2.976637e-03,1.875281e-01,False
DT,Recall,None,BSSMOTE w/o Clustering RBF,48.0,8.077393e-01,1.000000e+00,False
DT,Recall,None,BSSMOTE w/o ADASYN Linear,7.0,2.319336e-03,1.530762e-01,False
DT,Recall,None,BSSMOTE w/o ADASYN RBF,6.0,1.708984e-03,1.162109e-01,False
DT,Recall,None,BSSMOTE w/o SVM,0.0,1.220703e-04,9.521484e-03,True
DT,Recall,SMOTE,ADASYN,49.0,8.552246e-01,1.000000e+00,False
DT,Recall,SMOTE,BorderlineSMOTE,33.0,2.412109e-01,1.000000e+00,False
DT,Recall,SMOTE,KMeansSMOTE,16.0,3.924328e-02,1.000000e+00,False
DT,Recall,SMOTE,SVMSMOTE,52.0,1.000000e+00,1.000000e+00,False
DT,Recall,SMOTE,Full BSSMOTE Linear,21.0,4.943848e-02,1.000000e+00,False
DT,Recall,SMOTE,Full BSSMOTE RBF,23.0,6.762695e-02,1.000000e+00,False
DT,Recall,SMOTE,BSSMOTE w/o Clustering Linear,17.0,2.453613e-02,1.000000e+00,False
DT,Recall,SMOTE,BSSMOTE w/o Clustering RBF,11.0,6.713867e-03,3.692627e-01,False
DT,Recall,SMOTE,BSSMOTE w/o ADASYN Linear,22.0,1.005252e-01,1.000000e+00,False
DT,Recall,SMOTE,BSSMOTE w/o ADASYN RBF,23.0,6.762695e-02,1.000000e+00,False
DT,Recall,SMOTE,BSSMOTE w/o SVM,9.0,4.028320e-03,2.416992e-01,False
DT,Recall,ADASYN,BorderlineSMOTE,23.0,6.762695e-02,1.000000e+00,False
DT,Recall,ADASYN,KMeansSMOTE,22.0,1.005252e-01,1.000000e+00,False
DT,Recall,ADASYN,SVMSMOTE,44.0,6.257324e-01,1.000000e+00,False
DT,Recall,ADASYN,Full BSSMOTE Linear,24.0,7.849121e-02,1.000000e+00,False
DT,Recall,ADASYN,Full BSSMOTE RBF,20.0,4.187012e-02,1.000000e+00,False
DT,Recall,ADASYN,BSSMOTE w/o Clustering Linear,24.0,7.849121e-02,1.000000e+00,False
DT,Recall,ADASYN,BSSMOTE w/o Clustering RBF,5.0,4.649434e-03,2.743166e-01,False
DT,Recall,ADASYN,BSSMOTE w/o ADASYN Linear,24.0,1.329573e-01,1.000000e+00,False
DT,Recall,ADASYN,BSSMOTE w/o ADASYN RBF,21.0,4.943848e-02,1.000000e+00,False
DT,Recall,ADASYN,BSSMOTE w/o SVM,1.0,2.441406e-04,1.806641e-02,True
DT,Recall,BorderlineSMOTE,KMeansSMOTE,34.0,2.675781e-01,1.000000e+00,False
DT,Recall,BorderlineSMOTE,SVMSMOTE,37.0,3.575439e-01,1.000000e+00,False
DT,Recall,BorderlineSMOTE,Full BSSMOTE Linear,10.0,1.310361e-02,6.289735e-01,False
DT,Recall,BorderlineSMOTE,Full BSSMOTE RBF,12.0,8.544922e-03,4.528809e-01,False
DT,Recall,BorderlineSMOTE,BSSMOTE w/o Clustering Linear,37.0,5.524933e-01,1.000000e+00,False
DT,Recall,BorderlineSMOTE,BSSMOTE w/o Clustering RBF,27.0,1.188965e-01,1.000000e+00,False
DT,Recall,BorderlineSMOTE,BSSMOTE w/o ADASYN Linear,15.0,1.660156e-02,7.470703e-01,False
DT,Recall,BorderlineSMOTE,BSSMOTE w/o ADASYN RBF,14.0,1.342773e-02,6.311035e-01,False
DT,Recall,BorderlineSMOTE,BSSMOTE w/o SVM,0.0,1.220703e-04,9.521484e-03,True
DT,Recall,KMeansSMOTE,SVMSMOTE,13.0,1.074219e-02,5.478516e-01,False
DT,Recall,KMeansSMOTE,Full BSSMOTE Linear,10.0,5.249023e-03,2.991943e-01,False
DT,Recall,KMeansSMOTE,Full BSSMOTE RBF,11.0,6.713867e-03,3.692627e-01,False
DT,Recall,KMeansSMOTE,BSSMOTE w/o Clustering Linear,34.0,4.215789e-01,1.000000e+00,False
DT,Recall,KMeansSMOTE,BSSMOTE w/o Clustering RBF,33.0,3.823521e-01,1.000000e+00,False
DT,Recall,KMeansSMOTE,BSSMOTE w/o ADASYN Linear,12.0,1.922344e-02,8.458313e-01,False
DT,Recall,KMeansSMOTE,BSSMOTE w/o ADASYN RBF,13.0,1.074219e-02,5.478516e-01,False
DT,Recall,KMeansSMOTE,BSSMOTE w/o SVM,3.0,6.103516e-04,4.394531e-02,True
DT,Recall,SVMSMOTE,Full BSSMOTE Linear,27.0,1.188965e-01,1.000000e+00,False
DT,Recall,SVMSMOTE,Full BSSMOTE RBF,22.0,1.005252e-01,1.000000e+00,False
DT,Recall,SVMSMOTE,BSSMOTE w/o Clustering Linear,13.0,2.312980e-02,9.945815e-01,False
DT,Recall,SVMSMOTE,BSSMOTE w/o Clustering RBF,2.0,3.662109e-04,2.673340e-02,True
DT,Recall,SVMSMOTE,BSSMOTE w/o ADASYN Linear,29.0,1.530762e-01,1.000000e+00,False
DT,Recall,SVMSMOTE,BSSMOTE w/o ADASYN RBF,30.0,1.726074e-01,1.000000e+00,False
DT,Recall,SVMSMOTE,BSSMOTE w/o SVM,10.0,5.249023e-03,2.991943e-01,False
DT,Recall,Full BSSMOTE Linear,Full BSSMOTE RBF,38.0,3.909912e-01,1.000000e+00,False
DT,Recall,Full BSSMOTE Linear,BSSMOTE w/o Clustering Linear,8.0,3.051758e-03,1.892090e-01,False
DT,Recall,Full BSSMOTE Linear,BSSMOTE w/o Clustering RBF,4.0,8.544922e-04,5.981445e-02,False
DT,Recall,Full BSSMOTE Linear,BSSMOTE w/o ADASYN Linear,37.0,3.575439e-01,1.000000e+00,False
DT,Recall,Full BSSMOTE Linear,BSSMOTE w/o ADASYN RBF,21.0,1.577794e-01,1.000000e+00,False
DT,Recall,Full BSSMOTE Linear,BSSMOTE w/o SVM,39.0,4.262695e-01,1.000000e+00,False
DT,Recall,Full BSSMOTE RBF,BSSMOTE w/o Clustering Linear,8.0,3.051758e-03,1.892090e-01,False
DT,Recall,Full BSSMOTE RBF,BSSMOTE w/o Clustering RBF,4.0,8.544922e-04,5.981445e-02,False
DT,Recall,Full BSSMOTE RBF,BSSMOTE w/o ADASYN Linear,46.0,7.148438e-01,1.000000e+00,False
DT,Recall,Full BSSMOTE RBF,BSSMOTE w/o ADASYN RBF,37.0,5.524933e-01,1.000000e+00,False
DT,Recall,Full BSSMOTE RBF,BSSMOTE w/o SVM,22.0,1.005252e-01,1.000000e+00,False
DT,Recall,BSSMOTE w/o Clustering Linear,BSSMOTE w/o Clustering RBF,22.0,5.798340e-02,1.000000e+00,False
DT,Recall,BSSMOTE w/o Clustering Linear,BSSMOTE w/o ADASYN Linear,12.0,8.544922e-03,4.528809e-01,False
DT,Recall,BSSMOTE w/o Clustering Linear,BSSMOTE w/o ADASYN RBF,13.0,1.074219e-02,5.478516e-01,False
DT,Recall,BSSMOTE w/o Clustering Linear,BSSMOTE w/o SVM,0.0,1.220703e-04,9.521484e-03,True
DT,Recall,BSSMOTE w/o Clustering RBF,BSSMOTE w/o ADASYN Linear,5.0,4.649434e-03,2.743166e-01,False
DT,Recall,BSSMOTE w/o Clustering RBF,BSSMOTE w/o ADASYN RBF,7.0,2.319336e-03,1.530762e-01,False
DT,Recall,BSSMOTE w/o Clustering RBF,BSSMOTE w/o SVM,0.0,1.220703e-04,9.521484e-03,True
DT,Recall,BSSMOTE w/o ADASYN Linear,BSSMOTE w/o ADASYN RBF,39.0,6.496440e-01,1.000000e+00,False
DT,Recall,BSSMOTE w/o ADASYN Linear,BSSMOTE w/o SVM,29.0,1.530762e-01,1.000000e+00,False
DT,Recall,BSSMOTE w/o ADASYN RBF,BSSMOTE w/o SVM,34.0,2.675781e-01,1.000000e+00,False
DT,AUC_PR,None,SMOTE,32.0,2.165527e-01,1.000000e+00,False
DT,AUC_PR,None,ADASYN,21.0,4.943848e-02,1.000000e+00,False
DT,AUC_PR,None,BorderlineSMOTE,7.0,2.319336e-03,1.298828e-01,False
DT,AUC_PR,None,KMeansSMOTE,46.0,7.148438e-01,1.000000e+00,False
DT,AUC_PR,None,SVMSMOTE,43.0,5.830078e-01,1.000000e+00,False
DT,AUC_PR,None,Full BSSMOTE Linear,2.0,3.662109e-04,2.746582e-02,True
DT,AUC_PR,None,Full BSSMOTE RBF,2.0,3.662109e-04,2.746582e-02,True
DT,AUC_PR,None,BSSMOTE w/o Clustering Linear,29.0,1.530762e-01,1.000000e+00,False
DT,AUC_PR,None,BSSMOTE w/o Clustering RBF,44.0,6.257324e-01,1.000000e+00,False
DT,AUC_PR,None,BSSMOTE w/o ADASYN Linear,6.0,1.708984e-03,1.042480e-01,False
DT,AUC_PR,None,BSSMOTE w/o ADASYN RBF,6.0,1.708984e-03,1.042480e-01,False
DT,AUC_PR,None,BSSMOTE w/o SVM,10.0,5.249023e-03,2.572021e-01,False
DT,AUC_PR,SMOTE,ADASYN,30.0,1.726074e-01,1.000000e+00,False
DT,AUC_PR,SMOTE,BorderlineSMOTE,52.0,1.000000e+00,1.000000e+00,False
DT,AUC_PR,SMOTE,KMeansSMOTE,31.0,1.937256e-01,1.000000e+00,False
DT,AUC_PR,SMOTE,SVMSMOTE,25.0,9.057617e-02,1.000000e+00,False
DT,AUC_PR,SMOTE,Full BSSMOTE Linear,2.0,3.662109e-04,2.746582e-02,True
DT,AUC_PR,SMOTE,Full BSSMOTE RBF,1.0,2.441406e-04,1.879883e-02,True
DT,AUC_PR,SMOTE,BSSMOTE w/o Clustering Linear,24.0,7.849121e-02,1.000000e+00,False
DT,AUC_PR,SMOTE,BSSMOTE w/o Clustering RBF,47.0,7.608643e-01,1.000000e+00,False
DT,AUC_PR,SMOTE,BSSMOTE w/o ADASYN Linear,3.0,6.103516e-04,4.272461e-02,True
DT,AUC_PR,SMOTE,BSSMOTE w/o ADASYN RBF,5.0,1.220703e-03,7.934570e-02,False
DT,AUC_PR,SMOTE,BSSMOTE w/o SVM,13.0,1.074219e-02,4.833984e-01,False
DT,AUC_PR,ADASYN,BorderlineSMOTE,34.0,2.675781e-01,1.000000e+00,False
DT,AUC_PR,ADASYN,KMeansSMOTE,17.0,2.453613e-02,9.569092e-01,False
DT,AUC_PR,ADASYN,SVMSMOTE,19.0,3.527832e-02,1.000000e+00,False
DT,AUC_PR,ADASYN,Full BSSMOTE Linear,15.0,1.660156e-02,6.972656e-01,False
DT,AUC_PR,ADASYN,Full BSSMOTE RBF,19.0,3.527832e-02,1.000000e+00,False
DT,AUC_PR,ADASYN,BSSMOTE w/o Clustering Linear,17.0,2.453613e-02,9.569092e-01,False
DT,AUC_PR,ADASYN,BSSMOTE w/o Clustering RBF,33.0,2.412109e-01,1.000000e+00,False
DT,AUC_PR,ADASYN,BSSMOTE w/o ADASYN Linear,23.0,6.762695e-02,1.000000e+00,False
DT,AUC_PR,ADASYN,BSSMOTE w/o ADASYN RBF,27.0,1.188965e-01,1.000000e+00,False
DT,AUC_PR,ADASYN,BSSMOTE w/o SVM,11.0,6.713867e-03,3.222656e-01,False
DT,AUC_PR,BorderlineSMOTE,KMeansSMOTE,28.0,1.352539e-01,1.000000e+00,False
DT,AUC_PR,BorderlineSMOTE,SVMSMOTE,30.0,1.726074e-01,1.000000e+00,False
DT,AUC_PR,BorderlineSMOTE,Full BSSMOTE Linear,8.0,3.051758e-03,1.678467e-01,False
DT,AUC_PR,BorderlineSMOTE,Full BSSMOTE RBF,8.0,3.051758e-03,1.678467e-01,False
DT,AUC_PR,BorderlineSMOTE,BSSMOTE w/o Clustering Linear,8.0,3.051758e-03,1.678467e-01,False
DT,AUC_PR,BorderlineSMOTE,BSSMOTE w/o Clustering RBF,33.0,2.412109e-01,1.000000e+00,False
DT,AUC_PR,BorderlineSMOTE,BSSMOTE w/o ADASYN Linear,9.0,4.028320e-03,2.014160e-01,False
DT,AUC_PR,BorderlineSMOTE,BSSMOTE w/o ADASYN RBF,14.0,1.342773e-02,5.773926e-01,False
DT,AUC_PR,BorderlineSMOTE,BSSMOTE w/o SVM,16.0,2.026367e-02,8.308105e-01,False
DT,AUC_PR,KMeansSMOTE,SVMSMOTE,49.0,8.552246e-01,1.000000e+00,False
DT,AUC_PR,KMeansSMOTE,Full BSSMOTE Linear,1.0,2.441406e-04,1.879883e-02,True
DT,AUC_PR,KMeansSMOTE,Full BSSMOTE RBF,0.0,1.220703e-04,9.521484e-03,True
DT,AUC_PR,KMeansSMOTE,BSSMOTE w/o Clustering Linear,36.0,3.258057e-01,1.000000e+00,False
DT,AUC_PR,KMeansSMOTE,BSSMOTE w/o Clustering RBF,34.0,2.675781e-01,1.000000e+00,False
DT,AUC_PR,KMeansSMOTE,BSSMOTE w/o ADASYN Linear,3.0,6.103516e-04,4.272461e-02,True
DT,AUC_PR,KMeansSMOTE,BSSMOTE w/o ADASYN RBF,3.0,6.103516e-04,4.272461e-02,True
DT,AUC_PR,KMeansSMOTE,BSSMOTE w/o SVM,11.0,6.713867e-03,3.222656e-01,False
DT,AUC_PR,SVMSMOTE,Full BSSMOTE Linear,2.0,3.662109e-04,2.746582e-02,True
DT,AUC_PR,SVMSMOTE,Full BSSMOTE RBF,6.0,1.708984e-03,1.042480e-01,False
DT,AUC_PR,SVMSMOTE,BSSMOTE w/o Clustering Linear,32.0,2.165527e-01,1.000000e+00,False
DT,AUC_PR,SVMSMOTE,BSSMOTE w/o Clustering RBF,50.0,9.031982e-01,1.000000e+00,False
DT,AUC_PR,SVMSMOTE,BSSMOTE w/o ADASYN Linear,5.0,1.220703e-03,7.934570e-02,False
DT,AUC_PR,SVMSMOTE,BSSMOTE w/o ADASYN RBF,8.0,3.051758e-03,1.678467e-01,False
DT,AUC_PR,SVMSMOTE,BSSMOTE w/o SVM,5.0,1.220703e-03,7.934570e-02,False
DT,AUC_PR,Full BSSMOTE Linear,Full BSSMOTE RBF,48.0,8.077393e-01,1.000000e+00,False
DT,AUC_PR,Full BSSMOTE Linear,BSSMOTE w/o Clustering Linear,2.0,3.662109e-04,2.746582e-02,True
DT,AUC_PR,Full BSSMOTE Linear,BSSMOTE w/o Clustering RBF,6.0,1.708984e-03,1.042480e-01,False
DT,AUC_PR,Full BSSMOTE Linear,BSSMOTE w/o ADASYN Linear,42.0,5.416260e-01,1.000000e+00,False
DT,AUC_PR,Full BSSMOTE Linear,BSSMOTE w/o ADASYN RBF,33.0,2.412109e-01,1.000000e+00,False
DT,AUC_PR,Full BSSMOTE Linear,BSSMOTE w/o SVM,50.0,9.031982e-01,1.000000e+00,False
DT,AUC_PR,Full BSSMOTE RBF,BSSMOTE w/o Clustering Linear,3.0,6.103516e-04,4.272461e-02,True
DT,AUC_PR,Full BSSMOTE RBF,BSSMOTE w/o Clustering RBF,8.0,3.051758e-03,1.678467e-01,False
DT,AUC_PR,Full BSSMOTE RBF,BSSMOTE w/o ADASYN Linear,38.0,3.909912e-01,1.000000e+00,False
DT,AUC_PR,Full BSSMOTE RBF,BSSMOTE w/o ADASYN RBF,34.0,2.675781e-01,1.000000e+00,False
DT,AUC_PR,Full BSSMOTE RBF,BSSMOTE w/o SVM,49.0,8.552246e-01,1.000000e+00,False
DT,AUC_PR,BSSMOTE w/o Clustering Linear,BSSMOTE w/o Clustering RBF,19.0,3.527832e-02,1.000000e+00,False
DT,AUC_PR,BSSMOTE w/o Clustering Linear,BSSMOTE w/o ADASYN Linear,3.0,6.103516e-04,4.272461e-02,True
DT,AUC_PR,BSSMOTE w/o Clustering Linear,BSSMOTE w/o ADASYN RBF,6.0,1.708984e-03,1.042480e-01,False
DT,AUC_PR,BSSMOTE w/o Clustering Linear,BSSMOTE w/o SVM,5.0,1.220703e-03,7.934570e-02,False
DT,AUC_PR,BSSMOTE w/o Clustering RBF,BSSMOTE w/o ADASYN Linear,11.0,6.713867e-03,3.222656e-01,False
DT,AUC_PR,BSSMOTE w/o Clustering RBF,BSSMOTE w/o ADASYN RBF,13.0,1.074219e-02,4.833984e-01,False
DT,AUC_PR,BSSMOTE w/o Clustering RBF,BSSMOTE w/o SVM,16.0,2.026367e-02,8.308105e-01,False
DT,AUC_PR,BSSMOTE w/o ADASYN Linear,BSSMOTE w/o ADASYN RBF,46.0,7.148438e-01,1.000000e+00,False
DT,AUC_PR,BSSMOTE w/o ADASYN Linear,BSSMOTE w/o SVM,50.0,9.031982e-01,1.000000e+00,False
DT,AUC_PR,BSSMOTE w/o ADASYN RBF,BSSMOTE w/o SVM,48.0,8.077393e-01,1.000000e+00,False
DT,GMean,None,SMOTE,17.0,2.453613e-02,1.000000e+00,False
DT,GMean,None,ADASYN,23.0,6.762695e-02,1.000000e+00,False
DT,GMean,None,BorderlineSMOTE,28.0,1.352539e-01,1.000000e+00,False
DT,GMean,None,KMeansSMOTE,44.0,6.257324e-01,1.000000e+00,False
DT,GMean,None,SVMSMOTE,16.0,2.026367e-02,1.000000e+00,False
DT,GMean,None,Full BSSMOTE Linear,13.0,1.074219e-02,7.626953e-01,False
DT,GMean,None,Full BSSMOTE RBF,15.0,1.660156e-02,1.000000e+00,False
DT,GMean,None,BSSMOTE w/o Clustering Linear,4.0,8.544922e-04,6.408691e-02,False
DT,GMean,None,BSSMOTE w/o Clustering RBF,41.0,7.531524e-01,1.000000e+00,False
DT,GMean,None,BSSMOTE w/o ADASYN Linear,13.0,1.074219e-02,7.626953e-01,False
DT,GMean,None,BSSMOTE w/o ADASYN RBF,16.0,2.026367e-02,1.000000e+00,False
DT,GMean,None,BSSMOTE w/o SVM,0.0,1.220703e-04,9.521484e-03,True
DT,GMean,SMOTE,ADASYN,41.0,5.015869e-01,1.000000e+00,False
DT,GMean,SMOTE,BorderlineSMOTE,35.0,2.957764e-01,1.000000e+00,False
DT,GMean,SMOTE,KMeansSMOTE,30.0,1.726074e-01,1.000000e+00,False
DT,GMean,SMOTE,SVMSMOTE,51.0,9.515381e-01,1.000000e+00,False
DT,GMean,SMOTE,Full BSSMOTE Linear,37.0,3.575439e-01,1.000000e+00,False
DT,GMean,SMOTE,Full BSSMOTE RBF,45.0,6.697998e-01,1.000000e+00,False
DT,GMean,SMOTE,BSSMOTE w/o Clustering Linear,29.0,1.530762e-01,1.000000e+00,False
DT,GMean,SMOTE,BSSMOTE w/o Clustering RBF,21.0,4.943848e-02,1.000000e+00,False
DT,GMean,SMOTE,BSSMOTE w/o ADASYN Linear,42.0,5.416260e-01,1.000000e+00,False
DT,GMean,SMOTE,BSSMOTE w/o ADASYN RBF,43.0,5.830078e-01,1.000000e+00,False
DT,GMean,SMOTE,BSSMOTE w/o SVM,26.0,1.040039e-01,1.000000e+00,False
DT,GMean,ADASYN,BorderlineSMOTE,27.0,1.188965e-01,1.000000e+00,False
DT,GMean,ADASYN,KMeansSMOTE,38.0,3.909912e-01,1.000000e+00,False
DT,GMean,ADASYN,SVMSMOTE,51.0,9.515381e-01,1.000000e+00,False
DT,GMean,ADASYN,Full BSSMOTE Linear,36.0,3.258057e-01,1.000000e+00,False
DT,GMean,ADASYN,Full BSSMOTE RBF,32.0,2.165527e-01,1.000000e+00,False
DT,GMean,ADASYN,BSSMOTE w/o Clustering Linear,31.0,1.937256e-01,1.000000e+00,False
DT,GMean,ADASYN,BSSMOTE w/o Clustering RBF,13.0,1.074219e-02,7.626953e-01,False
DT,GMean,ADASYN,BSSMOTE w/o ADASYN Linear,39.0,4.262695e-01,1.000000e+00,False
DT,GMean,ADASYN,BSSMOTE w/o ADASYN RBF,36.0,3.258057e-01,1.000000e+00,False
DT,GMean,ADASYN,BSSMOTE w/o SVM,12.0,8.544922e-03,6.152344e-01,False
DT,GMean,BorderlineSMOTE,KMeansSMOTE,46.0,7.148438e-01,1.000000e+00,False
DT,GMean,BorderlineSMOTE,SVMSMOTE,30.0,1.726074e-01,1.000000e+00,False
DT,GMean,BorderlineSMOTE,Full BSSMOTE Linear,21.0,4.943848e-02,1.000000e+00,False
DT,GMean,BorderlineSMOTE,Full BSSMOTE RBF,17.0,2.453613e-02,1.000000e+00,False
DT,GMean,BorderlineSMOTE,BSSMOTE w/o Clustering Linear,42.0,5.416260e-01,1.000000e+00,False
DT,GMean,BorderlineSMOTE,BSSMOTE w/o Clustering RBF,35.0,2.957764e-01,1.000000e+00,False
DT,GMean,BorderlineSMOTE,BSSMOTE w/o ADASYN Linear,25.0,9.057617e-02,1.000000e+00,False
DT,GMean,BorderlineSMOTE,BSSMOTE w/o ADASYN RBF,21.0,4.943848e-02,1.000000e+00,False
DT,GMean,BorderlineSMOTE,BSSMOTE w/o SVM,0.0,1.220703e-04,9.521484e-03,True
DT,GMean,KMeansSMOTE,SVMSMOTE,23.0,6.762695e-02,1.000000e+00,False
DT,GMean,KMeansSMOTE,Full BSSMOTE Linear,25.0,9.057617e-02,1.000000e+00,False
DT,GMean,KMeansSMOTE,Full BSSMOTE RBF,26.0,1.040039e-01,1.000000e+00,False
DT,GMean,KMeansSMOTE,BSSMOTE w/o Clustering Linear,35.0,2.957764e-01,1.000000e+00,False
DT,GMean,KMeansSMOTE,BSSMOTE w/o Clustering RBF,42.0,5.416260e-01,1.000000e+00,False
DT,GMean,KMeansSMOTE,BSSMOTE w/o ADASYN Linear,25.0,9.057617e-02,1.000000e+00,False
DT,GMean,KMeansSMOTE,BSSMOTE w/o ADASYN RBF,26.0,1.040039e-01,1.000000e+00,False
DT,GMean,KMeansSMOTE,BSSMOTE w/o SVM,16.0,2.026367e-02,1.000000e+00,False
DT,GMean,SVMSMOTE,Full BSSMOTE Linear,48.0,8.077393e-01,1.000000e+00,False
DT,GMean,SVMSMOTE,Full BSSMOTE RBF,49.0,8.552246e-01,1.000000e+00,False
DT,GMean,SVMSMOTE,BSSMOTE w/o Clustering Linear,22.0,5.798340e-02,1.000000e+00,False
DT,GMean,SVMSMOTE,BSSMOTE w/o Clustering RBF,6.0,1.708984e-03,1.264648e-01,False
DT,GMean,SVMSMOTE,BSSMOTE w/o ADASYN Linear,45.0,6.697998e-01,1.000000e+00,False
DT,GMean,SVMSMOTE,BSSMOTE w/o ADASYN RBF,49.0,8.552246e-01,1.000000e+00,False
DT,GMean,SVMSMOTE,BSSMOTE w/o SVM,33.0,2.412109e-01,1.000000e+00,False
DT,GMean,Full BSSMOTE Linear,Full BSSMOTE RBF,39.0,4.262695e-01,1.000000e+00,False
DT,GMean,Full BSSMOTE Linear,BSSMOTE w/o Clustering Linear,28.0,1.352539e-01,1.000000e+00,False
DT,GMean,Full BSSMOTE Linear,BSSMOTE w/o Clustering RBF,17.0,2.453613e-02,1.000000e+00,False
DT,GMean,Full BSSMOTE Linear,BSSMOTE w/o ADASYN Linear,49.0,8.552246e-01,1.000000e+00,False
DT,GMean,Full BSSMOTE Linear,BSSMOTE w/o ADASYN RBF,44.0,6.257324e-01,1.000000e+00,False
DT,GMean,Full BSSMOTE Linear,BSSMOTE w/o SVM,51.0,9.515381e-01,1.000000e+00,False
DT,GMean,Full BSSMOTE RBF,BSSMOTE w/o Clustering Linear,27.0,1.188965e-01,1.000000e+00,False
DT,GMean,Full BSSMOTE RBF,BSSMOTE w/o Clustering RBF,15.0,1.660156e-02,1.000000e+00,False
DT,GMean,Full BSSMOTE RBF,BSSMOTE w/o ADASYN Linear,43.0,5.830078e-01,1.000000e+00,False
DT,GMean,Full BSSMOTE RBF,BSSMOTE w/o ADASYN RBF,40.0,4.631348e-01,1.000000e+00,False
DT,GMean,Full BSSMOTE RBF,BSSMOTE w/o SVM,40.0,4.631348e-01,1.000000e+00,False
DT,GMean,BSSMOTE w/o Clustering Linear,BSSMOTE w/o Clustering RBF,18.0,2.954102e-02,1.000000e+00,False
DT,GMean,BSSMOTE w/o Clustering Linear,BSSMOTE w/o ADASYN Linear,28.0,1.352539e-01,1.000000e+00,False
DT,GMean,BSSMOTE w/o Clustering Linear,BSSMOTE w/o ADASYN RBF,26.0,1.040039e-01,1.000000e+00,False
DT,GMean,BSSMOTE w/o Clustering Linear,BSSMOTE w/o SVM,8.0,3.051758e-03,2.227783e-01,False
DT,GMean,BSSMOTE w/o Clustering RBF,BSSMOTE w/o ADASYN Linear,20.0,4.187012e-02,1.000000e+00,False
DT,GMean,BSSMOTE w/o Clustering RBF,BSSMOTE w/o ADASYN RBF,18.0,2.954102e-02,1.000000e+00,False
DT,GMean,BSSMOTE w/o Clustering RBF,BSSMOTE w/o SVM,3.0,6.103516e-04,4.638672e-02,True
DT,GMean,BSSMOTE w/o ADASYN Linear,BSSMOTE w/o ADASYN RBF,48.0,8.077393e-01,1.000000e+00,False
DT,GMean,BSSMOTE w/o ADASYN Linear,BSSMOTE w/o SVM,41.0,5.015869e-01,1.000000e+00,False
DT,GMean,BSSMOTE w/o ADASYN RBF,BSSMOTE w/o SVM,46.0,7.148438e-01,1.000000e+00,False
RF,Precision,None,SMOTE,5.0,4.649434e-03,2.882649e-01,False
RF,Precision,None,ADASYN,0.0,2.217721e-03,1.729823e-01,False
RF,Precision,None,BorderlineSMOTE,0.0,2.217721e-03,1.729823e-01,False
RF,Precision,None,KMeansSMOTE,17.0,4.639946e-02,1.000000e+00,False
RF,Precision,None,SVMSMOTE,0.0,2.217721e-03,1.729823e-01,False
RF,Precision,None,Full BSSMOTE Linear,4.0,3.728595e-03,2.443155e-01,False
RF,Precision,None,Full BSSMOTE RBF,1.0,2.873414e-03,2.040124e-01,False
RF,Precision,None,BSSMOTE w/o Clustering Linear,18.0,9.948088e-02,1.000000e+00,False
RF,Precision,None,BSSMOTE w/o Clustering RBF,16.0,7.118923e-02,1.000000e+00,False
RF,Precision,None,BSSMOTE w/o ADASYN Linear,2.0,3.701749e-03,2.443155e-01,False
RF,Precision,None,BSSMOTE w/o ADASYN RBF,3.0,4.741768e-03,2.882649e-01,False
RF,Precision,None,BSSMOTE w/o SVM,0.0,2.217721e-03,1.729823e-01,False
RF,Precision,SMOTE,ADASYN,18.0,5.462394e-02,1.000000e+00,False
RF,Precision,SMOTE,BorderlineSMOTE,41.0,7.531524e-01,1.000000e+00,False
RF,Precision,SMOTE,KMeansSMOTE,10.0,1.310361e-02,5.765590e-01,False
RF,Precision,SMOTE,SVMSMOTE,36.0,5.067455e-01,1.000000e+00,False
RF,Precision,SMOTE,Full BSSMOTE Linear,13.0,2.312980e-02,9.251921e-01,False
RF,Precision,SMOTE,Full BSSMOTE RBF,9.0,1.074678e-02,4.943520e-01,False
RF,Precision,SMOTE,BSSMOTE w/o Clustering Linear,23.0,1.158515e-01,1.000000e+00,False
RF,Precision,SMOTE,BSSMOTE w/o Clustering RBF,14.0,2.770785e-02,1.000000e+00,False
RF,Precision,SMOTE,BSSMOTE w/o ADASYN Linear,13.0,2.312980e-02,9.251921e-01,False
RF,Precision,SMOTE,BSSMOTE w/o ADASYN RBF,12.0,1.922344e-02,7.881610e-01,False
RF,Precision,SMOTE,BSSMOTE w/o SVM,2.0,2.365577e-03,1.750527e-01,False
RF,Precision,ADASYN,BorderlineSMOTE,8.0,1.502234e-02,6.459606e-01,False
RF,Precision,ADASYN,KMeansSMOTE,3.0,2.976637e-03,2.040124e-01,False
RF,Precision,ADASYN,SVMSMOTE,17.0,8.437944e-02,1.000000e+00,False
RF,Precision,ADASYN,Full BSSMOTE Linear,20.0,7.473550e-02,1.000000e+00,False
RF,Precision,ADASYN,Full BSSMOTE RBF,19.0,1.166645e-01,1.000000e+00,False
RF,Precision,ADASYN,BSSMOTE w/o Clustering Linear,13.0,4.138940e-02,1.000000e+00,False
RF,Precision,ADASYN,BSSMOTE w/o Clustering RBF,5.0,7.649082e-03,3.977523e-01,False
RF,Precision,ADASYN,BSSMOTE w/o ADASYN Linear,15.0,5.973902e-02,1.000000e+00,False
RF,Precision,ADASYN,BSSMOTE w/o ADASYN RBF,17.0,8.437944e-02,1.000000e+00,False
RF,Precision,ADASYN,BSSMOTE w/o SVM,2.0,3.701749e-03,2.443155e-01,False
RF,Precision,BorderlineSMOTE,KMeansSMOTE,8.0,8.774633e-03,4.299570e-01,False
RF,Precision,BorderlineSMOTE,SVMSMOTE,38.0,9.374729e-01,1.000000e+00,False
RF,Precision,BorderlineSMOTE,Full BSSMOTE Linear,15.0,3.304694e-02,1.000000e+00,False
RF,Precision,BorderlineSMOTE,Full BSSMOTE RBF,12.0,3.417047e-02,1.000000e+00,False
RF,Precision,BorderlineSMOTE,BSSMOTE w/o Clustering Linear,15.0,5.973902e-02,1.000000e+00,False
RF,Precision,BorderlineSMOTE,BSSMOTE w/o Clustering RBF,6.0,9.632976e-03,4.623828e-01,False
RF,Precision,BorderlineSMOTE,BSSMOTE w/o ADASYN Linear,11.0,2.805612e-02,1.000000e+00,False
RF,Precision,BorderlineSMOTE,BSSMOTE w/o ADASYN RBF,14.0,4.986020e-02,1.000000e+00,False
RF,Precision,BorderlineSMOTE,BSSMOTE w/o SVM,4.0,6.039559e-03,3.382153e-01,False
RF,Precision,KMeansSMOTE,SVMSMOTE,3.0,2.976637e-03,2.040124e-01,False
RF,Precision,KMeansSMOTE,Full BSSMOTE Linear,4.0,3.728595e-03,2.443155e-01,False
RF,Precision,KMeansSMOTE,Full BSSMOTE RBF,2.0,2.365577e-03,1.750527e-01,False
RF,Precision,KMeansSMOTE,BSSMOTE w/o Clustering Linear,32.0,3.454475e-01,1.000000e+00,False
RF,Precision,KMeansSMOTE,BSSMOTE w/o Clustering RBF,37.0,5.524933e-01,1.000000e+00,False
RF,Precision,KMeansSMOTE,BSSMOTE w/o ADASYN Linear,5.0,4.649434e-03,2.882649e-01,False
RF,Precision,KMeansSMOTE,BSSMOTE w/o ADASYN RBF,6.0,5.771589e-03,3.347522e-01,False
RF,Precision,KMeansSMOTE,BSSMOTE w/o SVM,2.0,2.365577e-03,1.750527e-01,False
RF,Precision,SVMSMOTE,Full BSSMOTE Linear,18.0,5.462394e-02,1.000000e+00,False
RF,Precision,SVMSMOTE,Full BSSMOTE RBF,14.0,4.986020e-02,1.000000e+00,False
RF,Precision,SVMSMOTE,BSSMOTE w/o Clustering Linear,15.0,5.973902e-02,1.000000e+00,False
RF,Precision,SVMSMOTE,BSSMOTE w/o Clustering RBF,9.0,1.860293e-02,7.813231e-01,False
RF,Precision,SVMSMOTE,BSSMOTE w/o ADASYN Linear,12.0,3.417047e-02,1.000000e+00,False
RF,Precision,SVMSMOTE,BSSMOTE w/o ADASYN RBF,14.0,4.986020e-02,1.000000e+00,False
RF,Precision,SVMSMOTE,BSSMOTE w/o SVM,6.0,9.632976e-03,4.623828e-01,False
RF,Precision,Full BSSMOTE Linear,Full BSSMOTE RBF,42.0,8.067663e-01,1.000000e+00,False
RF,Precision,Full BSSMOTE Linear,BSSMOTE w/o Clustering Linear,6.0,5.771589e-03,3.347522e-01,False
RF,Precision,Full BSSMOTE Linear,BSSMOTE w/o Clustering RBF,5.0,4.649434e-03,2.882649e-01,False
RF,Precision,Full BSSMOTE Linear,BSSMOTE w/o ADASYN Linear,31.0,3.108968e-01,1.000000e+00,False
RF,Precision,Full BSSMOTE Linear,BSSMOTE w/o ADASYN RBF,31.0,3.108968e-01,1.000000e+00,False
RF,Precision,Full BSSMOTE Linear,BSSMOTE w/o SVM,34.0,4.215789e-01,1.000000e+00,False
RF,Precision,Full BSSMOTE RBF,BSSMOTE w/o Clustering Linear,4.0,6.039559e-03,3.382153e-01,False
RF,Precision,Full BSSMOTE RBF,BSSMOTE w/o Clustering RBF,1.0,2.873414e-03,2.040124e-01,False
RF,Precision,Full BSSMOTE RBF,BSSMOTE w/o ADASYN Linear,33.0,6.378702e-01,1.000000e+00,False
RF,Precision,Full BSSMOTE RBF,BSSMOTE w/o ADASYN RBF,31.0,5.302846e-01,1.000000e+00,False
RF,Precision,Full BSSMOTE RBF,BSSMOTE w/o SVM,25.0,2.720952e-01,1.000000e+00,False
RF,Precision,BSSMOTE w/o Clustering Linear,BSSMOTE w/o Clustering RBF,32.0,5.829195e-01,1.000000e+00,False
RF,Precision,BSSMOTE w/o Clustering Linear,BSSMOTE w/o ADASYN Linear,5.0,7.649082e-03,3.977523e-01,False
RF,Precision,BSSMOTE w/o Clustering Linear,BSSMOTE w/o ADASYN RBF,5.0,7.649082e-03,3.977523e-01,False
RF,Precision,BSSMOTE w/o Clustering Linear,BSSMOTE w/o SVM,7.0,1.206332e-02,5.428496e-01,False
RF,Precision,BSSMOTE w/o Clustering RBF,BSSMOTE w/o ADASYN Linear,4.0,6.039559e-03,3.382153e-01,False
RF,Precision,BSSMOTE w/o Clustering RBF,BSSMOTE w/o ADASYN RBF,4.0,6.039559e-03,3.382153e-01,False
RF,Precision,BSSMOTE w/o Clustering RBF,BSSMOTE w/o SVM,1.0,2.873414e-03,2.040124e-01,False
RF,Precision,BSSMOTE w/o ADASYN Linear,BSSMOTE w/o ADASYN RBF,26.0,5.336947e-01,1.000000e+00,False
RF,Precision,BSSMOTE w/o ADASYN Linear,BSSMOTE w/o SVM,33.0,6.378702e-01,1.000000e+00,False
RF,Precision,BSSMOTE w/o ADASYN RBF,BSSMOTE w/o SVM,31.0,5.302846e-01,1.000000e+00,False
RF,Recall,None,SMOTE,0.0,1.220703e-04,9.521484e-03,True
RF,Recall,None,ADASYN,0.0,1.473781e-03,9.284819e-02,False
RF,Recall,None,BorderlineSMOTE,12.0,8.544922e-03,3.845215e-01,False
RF,Recall,None,KMeansSMOTE,5.0,4.649434e-03,2.278223e-01,False
RF,Recall,None,SVMSMOTE,0.0,1.220703e-04,9.521484e-03,True
RF,Recall,None,Full BSSMOTE Linear,2.0,2.365577e-03,1.277412e-01,False
RF,Recall,None,Full BSSMOTE RBF,0.0,1.220703e-04,9.521484e-03,True
RF,Recall,None,BSSMOTE w/o Clustering Linear,39.0,6.496440e-01,1.000000e+00,False
RF,Recall,None,BSSMOTE w/o Clustering RBF,31.0,1.937256e-01,1.000000e+00,False
RF,Recall,None,BSSMOTE w/o ADASYN Linear,0.0,9.787065e-04,6.361592e-02,False
RF,Recall,None,BSSMOTE w/o ADASYN RBF,0.0,1.473781e-03,9.284819e-02,False
RF,Recall,None,BSSMOTE w/o SVM,2.0,3.662109e-04,2.526855e-02,True
RF,Recall,SMOTE,ADASYN,45.0,9.721253e-01,1.000000e+00,False
RF,Recall,SMOTE,BorderlineSMOTE,26.0,1.040039e-01,1.000000e+00,False
RF,Recall,SMOTE,KMeansSMOTE,2.0,2.365577e-03,1.277412e-01,False
RF,Recall,SMOTE,SVMSMOTE,33.0,3.823521e-01,1.000000e+00,False
RF,Recall,SMOTE,Full BSSMOTE Linear,42.0,8.067663e-01,1.000000e+00,False
RF,Recall,SMOTE,Full BSSMOTE RBF,46.0,7.148438e-01,1.000000e+00,False
RF,Recall,SMOTE,BSSMOTE w/o Clustering Linear,0.0,1.473781e-03,9.284819e-02,False
RF,Recall,SMOTE,BSSMOTE w/o Clustering RBF,1.0,1.871433e-03,1.085431e-01,False
RF,Recall,SMOTE,BSSMOTE w/o ADASYN Linear,41.0,7.531524e-01,1.000000e+00,False
RF,Recall,SMOTE,BSSMOTE w/o ADASYN RBF,45.0,6.697998e-01,1.000000e+00,False
RF,Recall,SMOTE,BSSMOTE w/o SVM,14.0,1.342773e-02,5.773926e-01,False
RF,Recall,ADASYN,BorderlineSMOTE,2.0,3.662109e-04,2.526855e-02,True
RF,Recall,ADASYN,KMeansSMOTE,15.0,1.660156e-02,6.640625e-01,False
RF,Recall,ADASYN,SVMSMOTE,34.0,4.215789e-01,1.000000e+00,False
RF,Recall,ADASYN,Full BSSMOTE Linear,42.0,8.067663e-01,1.000000e+00,False
RF,Recall,ADASYN,Full BSSMOTE RBF,43.0,5.830078e-01,1.000000e+00,False
RF,Recall,ADASYN,BSSMOTE w/o Clustering Linear,0.0,1.220703e-04,9.521484e-03,True
RF,Recall,ADASYN,BSSMOTE w/o Clustering RBF,3.0,6.103516e-04,4.089355e-02,True
RF,Recall,ADASYN,BSSMOTE w/o ADASYN Linear,42.0,8.067663e-01,1.000000e+00,False
RF,Recall,ADASYN,BSSMOTE w/o ADASYN RBF,34.0,6.948866e-01,1.000000e+00,False
RF,Recall,ADASYN,BSSMOTE w/o SVM,5.0,1.220703e-03,7.812500e-02,False
RF,Recall,BorderlineSMOTE,KMeansSMOTE,29.0,1.530762e-01,1.000000e+00,False
RF,Recall,BorderlineSMOTE,SVMSMOTE,24.0,1.329573e-01,1.000000e+00,False
RF,Recall,BorderlineSMOTE,Full BSSMOTE Linear,35.0,2.957764e-01,1.000000e+00,False
RF,Recall,BorderlineSMOTE,Full BSSMOTE RBF,34.0,2.675781e-01,1.000000e+00,False
RF,Recall,BorderlineSMOTE,BSSMOTE w/o Clustering Linear,7.0,7.132414e-03,3.280910e-01,False
RF,Recall,BorderlineSMOTE,BSSMOTE w/o Clustering RBF,15.0,1.660156e-02,6.640625e-01,False
RF,Recall,BorderlineSMOTE,BSSMOTE w/o ADASYN Linear,33.0,2.412109e-01,1.000000e+00,False
RF,Recall,BorderlineSMOTE,BSSMOTE w/o ADASYN RBF,30.0,1.726074e-01,1.000000e+00,False
RF,Recall,BorderlineSMOTE,BSSMOTE w/o SVM,1.0,1.871433e-03,1.085431e-01,False
RF,Recall,KMeansSMOTE,SVMSMOTE,5.0,4.649434e-03,2.278223e-01,False
RF,Recall,KMeansSMOTE,Full BSSMOTE Linear,28.0,1.352539e-01,1.000000e+00,False
RF,Recall,KMeansSMOTE,Full BSSMOTE RBF,21.0,8.686008e-02,1.000000e+00,False
RF,Recall,KMeansSMOTE,BSSMOTE w/o Clustering Linear,8.0,3.051758e-03,1.556396e-01,False
RF,Recall,KMeansSMOTE,BSSMOTE w/o Clustering RBF,29.0,1.530762e-01,1.000000e+00,False
RF,Recall,KMeansSMOTE,BSSMOTE w/o ADASYN Linear,26.0,1.040039e-01,1.000000e+00,False
RF,Recall,KMeansSMOTE,BSSMOTE w/o ADASYN RBF,24.0,7.849121e-02,1.000000e+00,False
RF,Recall,KMeansSMOTE,BSSMOTE w/o SVM,8.0,3.051758e-03,1.556396e-01,False
RF,Recall,SVMSMOTE,Full BSSMOTE Linear,48.0,8.077393e-01,1.000000e+00,False
RF,Recall,SVMSMOTE,Full BSSMOTE RBF,35.0,7.536837e-01,1.000000e+00,False
RF,Recall,SVMSMOTE,BSSMOTE w/o Clustering Linear,0.0,1.220703e-04,9.521484e-03,True
RF,Recall,SVMSMOTE,BSSMOTE w/o Clustering RBF,0.0,1.473781e-03,9.284819e-02,False
RF,Recall,SVMSMOTE,BSSMOTE w/o ADASYN Linear,48.0,8.077393e-01,1.000000e+00,False
RF,Recall,SVMSMOTE,BSSMOTE w/o ADASYN RBF,40.0,7.007034e-01,1.000000e+00,False
RF,Recall,SVMSMOTE,BSSMOTE w/o SVM,15.0,1.660156e-02,6.640625e-01,False
RF,Recall,Full BSSMOTE Linear,Full BSSMOTE RBF,30.0,1.726074e-01,1.000000e+00,False
RF,Recall,Full BSSMOTE Linear,BSSMOTE w/o Clustering Linear,1.0,2.441406e-04,1.733398e-02,True
RF,Recall,Full BSSMOTE Linear,BSSMOTE w/o Clustering RBF,5.0,4.649434e-03,2.278223e-01,False
RF,Recall,Full BSSMOTE Linear,BSSMOTE w/o ADASYN Linear,13.0,4.138940e-02,1.000000e+00,False
RF,Recall,Full BSSMOTE Linear,BSSMOTE w/o ADASYN RBF,37.0,5.524933e-01,1.000000e+00,False
RF,Recall,Full BSSMOTE Linear,BSSMOTE w/o SVM,14.0,1.342773e-02,5.773926e-01,False
RF,Recall,Full BSSMOTE RBF,BSSMOTE w/o Clustering Linear,0.0,1.220703e-04,9.521484e-03,True
RF,Recall,Full BSSMOTE RBF,BSSMOTE w/o Clustering RBF,0.0,1.473781e-03,9.284819e-02,False
RF,Recall,Full BSSMOTE RBF,BSSMOTE w/o ADASYN Linear,46.0,7.148438e-01,1.000000e+00,False
RF,Recall,Full BSSMOTE RBF,BSSMOTE w/o ADASYN RBF,39.0,6.496440e-01,1.000000e+00,False
RF,Recall,Full BSSMOTE RBF,BSSMOTE w/o SVM,15.0,1.660156e-02,6.640625e-01,False
RF,Recall,BSSMOTE w/o Clustering Linear,BSSMOTE w/o Clustering RBF,20.0,4.187012e-02,1.000000e+00,False
RF,Recall,BSSMOTE w/o Clustering Linear,BSSMOTE w/o ADASYN Linear,1.0,2.441406e-04,1.733398e-02,True
RF,Recall,BSSMOTE w/o Clustering Linear,BSSMOTE w/o ADASYN RBF,0.0,1.220703e-04,9.521484e-03,True
RF,Recall,BSSMOTE w/o Clustering Linear,BSSMOTE w/o SVM,1.0,1.871433e-03,1.085431e-01,False
RF,Recall,BSSMOTE w/o Clustering RBF,BSSMOTE w/o ADASYN Linear,2.0,2.365577e-03,1.277412e-01,False
RF,Recall,BSSMOTE w/o Clustering RBF,BSSMOTE w/o ADASYN RBF,1.0,1.871433e-03,1.085431e-01,False
RF,Recall,BSSMOTE w/o Clustering RBF,BSSMOTE w/o SVM,3.0,6.103516e-04,4.089355e-02,True
RF,Recall,BSSMOTE w/o ADASYN Linear,BSSMOTE w/o ADASYN RBF,33.0,1.000000e+00,1.000000e+00,False
RF,Recall,BSSMOTE w/o ADASYN Linear,BSSMOTE w/o SVM,13.0,1.074219e-02,4.726562e-01,False
RF,Recall,BSSMOTE w/o ADASYN RBF,BSSMOTE w/o SVM,14.0,1.342773e-02,5.773926e-01,False
RF,AUC_PR,None,SMOTE,26.0,1.040039e-01,1.000000e+00,False
RF,AUC_PR,None,ADASYN,6.0,1.708984e-03,1.333008e-01,False
RF,AUC_PR,None,BorderlineSMOTE,14.0,1.342773e-02,1.000000e+00,False
RF,AUC_PR,None,KMeansSMOTE,46.0,7.148438e-01,1.000000e+00,False
RF,AUC_PR,None,SVMSMOTE,18.0,2.954102e-02,1.000000e+00,False
RF,AUC_PR,None,Full BSSMOTE Linear,20.0,4.187012e-02,1.000000e+00,False
RF,AUC_PR,None,Full BSSMOTE RBF,25.0,9.057617e-02,1.000000e+00,False
RF,AUC_PR,None,BSSMOTE w/o Clustering Linear,31.0,1.937256e-01,1.000000e+00,False
RF,AUC_PR,None,BSSMOTE w/o Clustering RBF,52.0,1.000000e+00,1.000000e+00,False
RF,AUC_PR,None,BSSMOTE w/o ADASYN Linear,24.0,7.849121e-02,1.000000e+00,False
RF,AUC_PR,None,BSSMOTE w/o ADASYN RBF,26.0,1.040039e-01,1.000000e+00,False
RF,AUC_PR,None,BSSMOTE w/o SVM,18.0,2.954102e-02,1.000000e+00,False
RF,AUC_PR,SMOTE,ADASYN,35.0,2.957764e-01,1.000000e+00,False
RF,AUC_PR,SMOTE,BorderlineSMOTE,29.0,1.530762e-01,1.000000e+00,False
RF,AUC_PR,SMOTE,KMeansSMOTE,39.0,4.262695e-01,1.000000e+00,False
RF,AUC_PR,SMOTE,SVMSMOTE,41.0,5.015869e-01,1.000000e+00,False
RF,AUC_PR,SMOTE,Full BSSMOTE Linear,24.0,7.849121e-02,1.000000e+00,False
RF,AUC_PR,SMOTE,Full BSSMOTE RBF,35.0,2.957764e-01,1.000000e+00,False
RF,AUC_PR,SMOTE,BSSMOTE w/o Clustering Linear,26.0,9.611509e-02,1.000000e+00,False
RF,AUC_PR,SMOTE,BSSMOTE w/o Clustering RBF,24.0,7.352297e-02,1.000000e+00,False
RF,AUC_PR,SMOTE,BSSMOTE w/o ADASYN Linear,33.0,2.412109e-01,1.000000e+00,False
RF,AUC_PR,SMOTE,BSSMOTE w/o ADASYN RBF,36.0,3.258057e-01,1.000000e+00,False
RF,AUC_PR,SMOTE,BSSMOTE w/o SVM,25.0,9.057617e-02,1.000000e+00,False
RF,AUC_PR,ADASYN,BorderlineSMOTE,49.0,8.552246e-01,1.000000e+00,False
RF,AUC_PR,ADASYN,KMeansSMOTE,20.0,4.187012e-02,1.000000e+00,False
RF,AUC_PR,ADASYN,SVMSMOTE,22.0,5.798340e-02,1.000000e+00,False
RF,AUC_PR,ADASYN,Full BSSMOTE Linear,24.0,2.393165e-01,1.000000e+00,False
RF,AUC_PR,ADASYN,Full BSSMOTE RBF,34.0,4.215789e-01,1.000000e+00,False
RF,AUC_PR,ADASYN,BSSMOTE w/o Clustering Linear,15.0,1.660156e-02,1.000000e+00,False
RF,AUC_PR,ADASYN,BSSMOTE w/o Clustering RBF,10.0,1.310361e-02,1.000000e+00,False
RF,AUC_PR,ADASYN,BSSMOTE w/o ADASYN Linear,40.0,4.631348e-01,1.000000e+00,False
RF,AUC_PR,ADASYN,BSSMOTE w/o ADASYN RBF,44.0,6.257324e-01,1.000000e+00,False
RF,AUC_PR,ADASYN,BSSMOTE w/o SVM,27.0,1.960510e-01,1.000000e+00,False
RF,AUC_PR,BorderlineSMOTE,KMeansSMOTE,23.0,6.762695e-02,1.000000e+00,False
RF,AUC_PR,BorderlineSMOTE,SVMSMOTE,35.0,2.957764e-01,1.000000e+00,False
RF,AUC_PR,BorderlineSMOTE,Full BSSMOTE Linear,37.0,3.575439e-01,1.000000e+00,False
RF,AUC_PR,BorderlineSMOTE,Full BSSMOTE RBF,41.0,5.015869e-01,1.000000e+00,False
RF,AUC_PR,BorderlineSMOTE,BSSMOTE w/o Clustering Linear,13.0,2.312980e-02,1.000000e+00,False
RF,AUC_PR,BorderlineSMOTE,BSSMOTE w/o Clustering RBF,18.0,2.954102e-02,1.000000e+00,False
RF,AUC_PR,BorderlineSMOTE,BSSMOTE w/o ADASYN Linear,35.0,4.630710e-01,1.000000e+00,False
RF,AUC_PR,BorderlineSMOTE,BSSMOTE w/o ADASYN RBF,48.0,8.077393e-01,1.000000e+00,False
RF,AUC_PR,BorderlineSMOTE,BSSMOTE w/o SVM,36.0,3.258057e-01,1.000000e+00,False
RF,AUC_PR,KMeansSMOTE,SVMSMOTE,31.0,1.937256e-01,1.000000e+00,False
RF,AUC_PR,KMeansSMOTE,Full BSSMOTE Linear,19.0,3.527832e-02,1.000000e+00,False
RF,AUC_PR,KMeansSMOTE,Full BSSMOTE RBF,20.0,4.187012e-02,1.000000e+00,False
RF,AUC_PR,KMeansSMOTE,BSSMOTE w/o Clustering Linear,40.0,4.631348e-01,1.000000e+00,False
RF,AUC_PR,KMeansSMOTE,BSSMOTE w/o Clustering RBF,49.0,8.552246e-01,1.000000e+00,False
RF,AUC_PR,KMeansSMOTE,BSSMOTE w/o ADASYN Linear,24.0,7.849121e-02,1.000000e+00,False
RF,AUC_PR,KMeansSMOTE,BSSMOTE w/o ADASYN RBF,21.5,5.158865e-02,1.000000e+00,False
RF,AUC_PR,KMeansSMOTE,BSSMOTE w/o SVM,15.0,1.660156e-02,1.000000e+00,False
RF,AUC_PR,SVMSMOTE,Full BSSMOTE Linear,27.0,1.188965e-01,1.000000e+00,False
RF,AUC_PR,SVMSMOTE,Full BSSMOTE RBF,31.0,1.937256e-01,1.000000e+00,False
RF,AUC_PR,SVMSMOTE,BSSMOTE w/o Clustering Linear,21.0,4.943848e-02,1.000000e+00,False
RF,AUC_PR,SVMSMOTE,BSSMOTE w/o Clustering RBF,15.0,1.660156e-02,1.000000e+00,False
RF,AUC_PR,SVMSMOTE,BSSMOTE w/o ADASYN Linear,35.0,2.957764e-01,1.000000e+00,False
RF,AUC_PR,SVMSMOTE,BSSMOTE w/o ADASYN RBF,31.0,1.937256e-01,1.000000e+00,False
RF,AUC_PR,SVMSMOTE,BSSMOTE w/o SVM,23.0,6.762695e-02,1.000000e+00,False
RF,AUC_PR,Full BSSMOTE Linear,Full BSSMOTE RBF,39.0,6.496440e-01,1.000000e+00,False
RF,AUC_PR,Full BSSMOTE Linear,BSSMOTE w/o Clustering Linear,19.0,3.527832e-02,1.000000e+00,False
RF,AUC_PR,Full BSSMOTE Linear,BSSMOTE w/o Clustering RBF,17.0,4.639946e-02,1.000000e+00,False
RF,AUC_PR,Full BSSMOTE Linear,BSSMOTE w/o ADASYN Linear,48.0,8.077393e-01,1.000000e+00,False
RF,AUC_PR,Full BSSMOTE Linear,BSSMOTE w/o ADASYN RBF,36.0,3.258057e-01,1.000000e+00,False
RF,AUC_PR,Full BSSMOTE Linear,BSSMOTE w/o SVM,34.0,4.215789e-01,1.000000e+00,False
RF,AUC_PR,Full BSSMOTE RBF,BSSMOTE w/o Clustering Linear,25.0,9.057617e-02,1.000000e+00,False
RF,AUC_PR,Full BSSMOTE RBF,BSSMOTE w/o Clustering RBF,18.0,5.462394e-02,1.000000e+00,False
RF,AUC_PR,Full BSSMOTE RBF,BSSMOTE w/o ADASYN Linear,47.0,7.608643e-01,1.000000e+00,False
RF,AUC_PR,Full BSSMOTE RBF,BSSMOTE w/o ADASYN RBF,26.0,1.040039e-01,1.000000e+00,False
RF,AUC_PR,Full BSSMOTE RBF,BSSMOTE w/o SVM,35.0,4.630710e-01,1.000000e+00,False
RF,AUC_PR,BSSMOTE w/o Clustering Linear,BSSMOTE w/o Clustering RBF,46.0,7.148438e-01,1.000000e+00,False
RF,AUC_PR,BSSMOTE w/o Clustering Linear,BSSMOTE w/o ADASYN Linear,21.0,8.686008e-02,1.000000e+00,False
RF,AUC_PR,BSSMOTE w/o Clustering Linear,BSSMOTE w/o ADASYN RBF,26.0,1.040039e-01,1.000000e+00,False
RF,AUC_PR,BSSMOTE w/o Clustering Linear,BSSMOTE w/o SVM,15.0,1.660156e-02,1.000000e+00,False
RF,AUC_PR,BSSMOTE w/o Clustering RBF,BSSMOTE w/o ADASYN Linear,20.0,4.187012e-02,1.000000e+00,False
RF,AUC_PR,BSSMOTE w/o Clustering RBF,BSSMOTE w/o ADASYN RBF,20.0,4.187012e-02,1.000000e+00,False
RF,AUC_PR,BSSMOTE w/o Clustering RBF,BSSMOTE w/o SVM,14.0,2.770785e-02,1.000000e+00,False
RF,AUC_PR,BSSMOTE w/o ADASYN Linear,BSSMOTE w/o ADASYN RBF,42.0,5.416260e-01,1.000000e+00,False
RF,AUC_PR,BSSMOTE w/o ADASYN Linear,BSSMOTE w/o SVM,28.0,1.352539e-01,1.000000e+00,False
RF,AUC_PR,BSSMOTE w/o ADASYN RBF,BSSMOTE w/o SVM,31.0,1.937256e-01,1.000000e+00,False
RF,GMean,None,SMOTE,0.0,1.220703e-04,9.521484e-03,True
RF,GMean,None,ADASYN,0.0,1.473781e-03,9.579575e-02,False
RF,GMean,None,BorderlineSMOTE,18.0,2.954102e-02,1.000000e+00,False
RF,GMean,None,KMeansSMOTE,16.0,2.026367e-02,1.000000e+00,False
RF,GMean,None,SVMSMOTE,1.0,2.441406e-04,1.782227e-02,True
RF,GMean,None,Full BSSMOTE Linear,14.0,1.342773e-02,6.982422e-01,False
RF,GMean,None,Full BSSMOTE RBF,1.0,2.441406e-04,1.782227e-02,True
RF,GMean,None,BSSMOTE w/o Clustering Linear,36.0,3.258057e-01,1.000000e+00,False
RF,GMean,None,BSSMOTE w/o Clustering RBF,44.0,6.257324e-01,1.000000e+00,False
RF,GMean,None,BSSMOTE w/o ADASYN Linear,5.0,1.220703e-03,8.056641e-02,False
RF,GMean,None,BSSMOTE w/o ADASYN RBF,0.0,1.473781e-03,9.579575e-02,False
RF,GMean,None,BSSMOTE w/o SVM,7.0,2.319336e-03,1.368408e-01,False
RF,GMean,SMOTE,ADASYN,26.0,1.040039e-01,1.000000e+00,False
RF,GMean,SMOTE,BorderlineSMOTE,20.0,4.187012e-02,1.000000e+00,False
RF,GMean,SMOTE,KMeansSMOTE,3.0,1.882297e-03,1.141574e-01,False
RF,GMean,SMOTE,SVMSMOTE,35.0,2.957764e-01,1.000000e+00,False
RF,GMean,SMOTE,Full BSSMOTE Linear,22.0,1.823384e-01,1.000000e+00,False
RF,GMean,SMOTE,Full BSSMOTE RBF,44.0,6.257324e-01,1.000000e+00,False
RF,GMean,SMOTE,BSSMOTE w/o Clustering Linear,0.0,1.220703e-04,9.521484e-03,True
RF,GMean,SMOTE,BSSMOTE w/o Clustering RBF,1.0,1.871433e-03,1.141574e-01,False
RF,GMean,SMOTE,BSSMOTE w/o ADASYN Linear,26.0,1.729549e-01,1.000000e+00,False
RF,GMean,SMOTE,BSSMOTE w/o ADASYN RBF,34.0,2.675781e-01,1.000000e+00,False
RF,GMean,SMOTE,BSSMOTE w/o SVM,34.0,2.675781e-01,1.000000e+00,False
RF,GMean,ADASYN,BorderlineSMOTE,13.0,1.074219e-02,5.693359e-01,False
RF,GMean,ADASYN,KMeansSMOTE,22.0,5.798340e-02,1.000000e+00,False
RF,GMean,ADASYN,SVMSMOTE,39.0,4.262695e-01,1.000000e+00,False
RF,GMean,ADASYN,Full BSSMOTE Linear,33.0,2.412109e-01,1.000000e+00,False
RF,GMean,ADASYN,Full BSSMOTE RBF,49.0,8.552246e-01,1.000000e+00,False
RF,GMean,ADASYN,BSSMOTE w/o Clustering Linear,0.0,1.220703e-04,9.521484e-03,True
RF,GMean,ADASYN,BSSMOTE w/o Clustering RBF,3.0,6.103516e-04,4.150391e-02,True
RF,GMean,ADASYN,BSSMOTE w/o ADASYN Linear,36.0,3.258057e-01,1.000000e+00,False
RF,GMean,ADASYN,BSSMOTE w/o ADASYN RBF,32.0,3.454475e-01,1.000000e+00,False
RF,GMean,ADASYN,BSSMOTE w/o SVM,31.0,1.937256e-01,1.000000e+00,False
RF,GMean,BorderlineSMOTE,KMeansSMOTE,37.0,3.575439e-01,1.000000e+00,False
RF,GMean,BorderlineSMOTE,SVMSMOTE,29.0,1.530762e-01,1.000000e+00,False
RF,GMean,BorderlineSMOTE,Full BSSMOTE Linear,50.0,9.031982e-01,1.000000e+00,False
RF,GMean,BorderlineSMOTE,Full BSSMOTE RBF,44.0,6.257324e-01,1.000000e+00,False
RF,GMean,BorderlineSMOTE,BSSMOTE w/o Clustering Linear,16.0,2.026367e-02,1.000000e+00,False
RF,GMean,BorderlineSMOTE,BSSMOTE w/o Clustering RBF,19.0,3.527832e-02,1.000000e+00,False
RF,GMean,BorderlineSMOTE,BSSMOTE w/o ADASYN Linear,50.0,9.031982e-01,1.000000e+00,False
RF,GMean,BorderlineSMOTE,BSSMOTE w/o ADASYN RBF,47.0,7.608643e-01,1.000000e+00,False
RF,GMean,BorderlineSMOTE,BSSMOTE w/o SVM,22.0,5.798340e-02,1.000000e+00,False
RF,GMean,KMeansSMOTE,SVMSMOTE,6.0,5.771589e-03,3.116658e-01,False
RF,GMean,KMeansSMOTE,Full BSSMOTE Linear,34.0,2.675781e-01,1.000000e+00,False
RF,GMean,KMeansSMOTE,Full BSSMOTE RBF,26.0,1.729549e-01,1.000000e+00,False
RF,GMean,KMeansSMOTE,BSSMOTE w/o Clustering Linear,8.0,3.051758e-03,1.770020e-01,False
RF,GMean,KMeansSMOTE,BSSMOTE w/o Clustering RBF,28.0,1.352539e-01,1.000000e+00,False
RF,GMean,KMeansSMOTE,BSSMOTE w/o ADASYN Linear,32.0,2.165527e-01,1.000000e+00,False
RF,GMean,KMeansSMOTE,BSSMOTE w/o ADASYN RBF,33.0,2.412109e-01,1.000000e+00,False
RF,GMean,KMeansSMOTE,BSSMOTE w/o SVM,19.0,3.527832e-02,1.000000e+00,False
RF,GMean,SVMSMOTE,Full BSSMOTE Linear,39.0,4.262695e-01,1.000000e+00,False
RF,GMean,SVMSMOTE,Full BSSMOTE RBF,41.0,7.531524e-01,1.000000e+00,False
RF,GMean,SVMSMOTE,BSSMOTE w/o Clustering Linear,0.0,1.220703e-04,9.521484e-03,True
RF,GMean,SVMSMOTE,BSSMOTE w/o Clustering RBF,2.0,3.662109e-04,2.600098e-02,True
RF,GMean,SVMSMOTE,BSSMOTE w/o ADASYN Linear,41.0,5.015869e-01,1.000000e+00,False
RF,GMean,SVMSMOTE,BSSMOTE w/o ADASYN RBF,44.0,6.257324e-01,1.000000e+00,False
RF,GMean,SVMSMOTE,BSSMOTE w/o SVM,32.0,2.165527e-01,1.000000e+00,False
RF,GMean,Full BSSMOTE Linear,Full BSSMOTE RBF,35.0,2.957764e-01,1.000000e+00,False
RF,GMean,Full BSSMOTE Linear,BSSMOTE w/o Clustering Linear,6.0,1.708984e-03,1.076660e-01,False
RF,GMean,Full BSSMOTE Linear,BSSMOTE w/o Clustering RBF,17.0,4.639946e-02,1.000000e+00,False
RF,GMean,Full BSSMOTE Linear,BSSMOTE w/o ADASYN Linear,25.0,1.518311e-01,1.000000e+00,False
RF,GMean,Full BSSMOTE Linear,BSSMOTE w/o ADASYN RBF,50.0,9.031982e-01,1.000000e+00,False
RF,GMean,Full BSSMOTE Linear,BSSMOTE w/o SVM,30.0,1.726074e-01,1.000000e+00,False
RF,GMean,Full BSSMOTE RBF,BSSMOTE w/o Clustering Linear,0.0,1.220703e-04,9.521484e-03,True
RF,GMean,Full BSSMOTE RBF,BSSMOTE w/o Clustering RBF,2.0,3.662109e-04,2.600098e-02,True
RF,GMean,Full BSSMOTE RBF,BSSMOTE w/o ADASYN Linear,44.0,6.257324e-01,1.000000e+00,False
RF,GMean,Full BSSMOTE RBF,BSSMOTE w/o ADASYN RBF,39.0,4.262695e-01,1.000000e+00,False
RF,GMean,Full BSSMOTE RBF,BSSMOTE w/o SVM,32.0,2.165527e-01,1.000000e+00,False
RF,GMean,BSSMOTE w/o Clustering Linear,BSSMOTE w/o Clustering RBF,29.0,1.530762e-01,1.000000e+00,False
RF,GMean,BSSMOTE w/o Clustering Linear,BSSMOTE w/o ADASYN Linear,4.0,8.544922e-04,5.725098e-02,False
RF,GMean,BSSMOTE w/o Clustering Linear,BSSMOTE w/o ADASYN RBF,2.0,3.662109e-04,2.600098e-02,True
RF,GMean,BSSMOTE w/o Clustering Linear,BSSMOTE w/o SVM,10.0,5.249023e-03,2.939453e-01,False
RF,GMean,BSSMOTE w/o Clustering RBF,BSSMOTE w/o ADASYN Linear,5.0,4.649434e-03,2.650177e-01,False
RF,GMean,BSSMOTE w/o Clustering RBF,BSSMOTE w/o ADASYN RBF,6.0,1.708984e-03,1.076660e-01,False
RF,GMean,BSSMOTE w/o Clustering RBF,BSSMOTE w/o SVM,10.0,5.249023e-03,2.939453e-01,False
RF,GMean,BSSMOTE w/o ADASYN Linear,BSSMOTE w/o ADASYN RBF,35.0,7.536837e-01,1.000000e+00,False
RF,GMean,BSSMOTE w/o ADASYN Linear,BSSMOTE w/o SVM,35.0,2.957764e-01,1.000000e+00,False
RF,GMean,BSSMOTE w/o ADASYN RBF,BSSMOTE w/o SVM,31.0,1.937256e-01,1.000000e+00,False
LightGBM,Precision,None,SMOTE,4.0,3.728595e-03,1.976156e-01,False
LightGBM,Precision,None,ADASYN,8.0,3.051758e-03,1.800537e-01,False
LightGBM,Precision,None,BorderlineSMOTE,6.0,5.771589e-03,2.624512e-01,False
LightGBM,Precision,None,KMeansSMOTE,13.0,2.312980e-02,8.326729e-01,False
LightGBM,Precision,None,SVMSMOTE,6.0,1.708984e-03,1.162109e-01,False
LightGBM,Precision,None,Full BSSMOTE Linear,10.0,5.249023e-03,2.624512e-01,False
LightGBM,Precision,None,Full BSSMOTE RBF,10.0,5.249023e-03,2.624512e-01,False
LightGBM,Precision,None,BSSMOTE w/o Clustering Linear,39.0,6.496440e-01,1.000000e+00,False
LightGBM,Precision,None,BSSMOTE w/o Clustering RBF,47.0,7.608643e-01,1.000000e+00,False
LightGBM,Precision,None,BSSMOTE w/o ADASYN Linear,10.0,1.310361e-02,5.241446e-01,False
LightGBM,Precision,None,BSSMOTE w/o ADASYN RBF,7.0,7.132414e-03,2.995614e-01,False
LightGBM,Precision,None,BSSMOTE w/o SVM,6.0,1.708984e-03,1.162109e-01,False
LightGBM,Precision,SMOTE,ADASYN,10.0,5.249023e-03,2.624512e-01,False
LightGBM,Precision,SMOTE,BorderlineSMOTE,31.0,3.108968e-01,1.000000e+00,False
LightGBM,Precision,SMOTE,KMeansSMOTE,5.0,4.649434e-03,2.371211e-01,False
LightGBM,Precision,SMOTE,SVMSMOTE,38.0,3.909912e-01,1.000000e+00,False
LightGBM,Precision,SMOTE,Full BSSMOTE Linear,35.0,2.957764e-01,1.000000e+00,False
LightGBM,Precision,SMOTE,Full BSSMOTE RBF,27.0,1.188965e-01,1.000000e+00,False
LightGBM,Precision,SMOTE,BSSMOTE w/o Clustering Linear,0.0,1.473781e-03,1.031647e-01,False
LightGBM,Precision,SMOTE,BSSMOTE w/o Clustering RBF,0.0,1.220703e-04,9.521484e-03,True
LightGBM,Precision,SMOTE,BSSMOTE w/o ADASYN Linear,34.0,4.215789e-01,1.000000e+00,False
LightGBM,Precision,SMOTE,BSSMOTE w/o ADASYN RBF,32.0,3.454475e-01,1.000000e+00,False
LightGBM,Precision,SMOTE,BSSMOTE w/o SVM,8.0,3.051758e-03,1.800537e-01,False
LightGBM,Precision,ADASYN,BorderlineSMOTE,18.0,2.954102e-02,1.000000e+00,False
LightGBM,Precision,ADASYN,KMeansSMOTE,6.0,1.708984e-03,1.162109e-01,False
LightGBM,Precision,ADASYN,SVMSMOTE,24.0,7.849121e-02,1.000000e+00,False
LightGBM,Precision,ADASYN,Full BSSMOTE Linear,49.0,8.552246e-01,1.000000e+00,False
LightGBM,Precision,ADASYN,Full BSSMOTE RBF,37.0,3.575439e-01,1.000000e+00,False
LightGBM,Precision,ADASYN,BSSMOTE w/o Clustering Linear,2.0,3.662109e-04,2.746582e-02,True
LightGBM,Precision,ADASYN,BSSMOTE w/o Clustering RBF,0.0,1.473781e-03,1.031647e-01,False
LightGBM,Precision,ADASYN,BSSMOTE w/o ADASYN Linear,51.0,9.515381e-01,1.000000e+00,False
LightGBM,Precision,ADASYN,BSSMOTE w/o ADASYN RBF,47.0,7.608643e-01,1.000000e+00,False
LightGBM,Precision,ADASYN,BSSMOTE w/o SVM,10.0,5.249023e-03,2.624512e-01,False
LightGBM,Precision,BorderlineSMOTE,KMeansSMOTE,10.0,1.310361e-02,5.241446e-01,False
LightGBM,Precision,BorderlineSMOTE,SVMSMOTE,41.0,5.015869e-01,1.000000e+00,False
LightGBM,Precision,BorderlineSMOTE,Full BSSMOTE Linear,30.0,1.726074e-01,1.000000e+00,False
LightGBM,Precision,BorderlineSMOTE,Full BSSMOTE RBF,25.0,1.519562e-01,1.000000e+00,False
LightGBM,Precision,BorderlineSMOTE,BSSMOTE w/o Clustering Linear,1.0,1.871433e-03,1.179003e-01,False
LightGBM,Precision,BorderlineSMOTE,BSSMOTE w/o Clustering RBF,1.0,2.441406e-04,1.855469e-02,True
LightGBM,Precision,BorderlineSMOTE,BSSMOTE w/o ADASYN Linear,35.0,4.630710e-01,1.000000e+00,False
LightGBM,Precision,BorderlineSMOTE,BSSMOTE w/o ADASYN RBF,33.0,3.823521e-01,1.000000e+00,False
LightGBM,Precision,BorderlineSMOTE,BSSMOTE w/o SVM,7.0,2.319336e-03,1.414795e-01,False
LightGBM,Precision,KMeansSMOTE,SVMSMOTE,15.0,1.660156e-02,6.142578e-01,False
LightGBM,Precision,KMeansSMOTE,Full BSSMOTE Linear,14.0,1.342773e-02,5.241446e-01,False
LightGBM,Precision,KMeansSMOTE,Full BSSMOTE RBF,12.0,8.544922e-03,3.503418e-01,False
LightGBM,Precision,KMeansSMOTE,BSSMOTE w/o Clustering Linear,15.0,3.304694e-02,1.000000e+00,False
LightGBM,Precision,KMeansSMOTE,BSSMOTE w/o Clustering RBF,30.0,1.726074e-01,1.000000e+00,False
LightGBM,Precision,KMeansSMOTE,BSSMOTE w/o ADASYN Linear,16.0,3.924328e-02,1.000000e+00,False
LightGBM,Precision,KMeansSMOTE,BSSMOTE w/o ADASYN RBF,14.0,2.770785e-02,9.697747e-01,False
LightGBM,Precision,KMeansSMOTE,BSSMOTE w/o SVM,6.0,1.708984e-03,1.162109e-01,False
LightGBM,Precision,SVMSMOTE,Full BSSMOTE Linear,28.0,1.352539e-01,1.000000e+00,False
LightGBM,Precision,SVMSMOTE,Full BSSMOTE RBF,20.0,4.187012e-02,1.000000e+00,False
LightGBM,Precision,SVMSMOTE,BSSMOTE w/o Clustering Linear,0.0,1.220703e-04,9.521484e-03,True
LightGBM,Precision,SVMSMOTE,BSSMOTE w/o Clustering RBF,2.0,3.662109e-04,2.746582e-02,True
LightGBM,Precision,SVMSMOTE,BSSMOTE w/o ADASYN Linear,32.0,2.165527e-01,1.000000e+00,False
LightGBM,Precision,SVMSMOTE,BSSMOTE w/o ADASYN RBF,31.0,1.937256e-01,1.000000e+00,False
LightGBM,Precision,SVMSMOTE,BSSMOTE w/o SVM,8.0,3.051758e-03,1.800537e-01,False
LightGBM,Precision,Full BSSMOTE Linear,Full BSSMOTE RBF,38.0,3.909912e-01,1.000000e+00,False
LightGBM,Precision,Full BSSMOTE Linear,BSSMOTE w/o Clustering Linear,8.0,3.051758e-03,1.800537e-01,False
LightGBM,Precision,Full BSSMOTE Linear,BSSMOTE w/o Clustering RBF,8.0,3.051758e-03,1.800537e-01,False
LightGBM,Precision,Full BSSMOTE Linear,BSSMOTE w/o ADASYN Linear,28.0,2.213301e-01,1.000000e+00,False
LightGBM,Precision,Full BSSMOTE Linear,BSSMOTE w/o ADASYN RBF,35.0,2.957764e-01,1.000000e+00,False
LightGBM,Precision,Full BSSMOTE Linear,BSSMOTE w/o SVM,4.0,8.544922e-04,6.237793e-02,False
LightGBM,Precision,Full BSSMOTE RBF,BSSMOTE w/o Clustering Linear,9.0,4.028320e-03,2.094727e-01,False
LightGBM,Precision,Full BSSMOTE RBF,BSSMOTE w/o Clustering RBF,8.0,3.051758e-03,1.800537e-01,False
LightGBM,Precision,Full BSSMOTE RBF,BSSMOTE w/o ADASYN Linear,30.5,1.671490e-01,1.000000e+00,False
LightGBM,Precision,Full BSSMOTE RBF,BSSMOTE w/o ADASYN RBF,37.0,3.575439e-01,1.000000e+00,False
LightGBM,Precision,Full BSSMOTE RBF,BSSMOTE w/o SVM,25.0,9.057617e-02,1.000000e+00,False
LightGBM,Precision,BSSMOTE w/o Clustering Linear,BSSMOTE w/o Clustering RBF,48.0,8.077393e-01,1.000000e+00,False
LightGBM,Precision,BSSMOTE w/o Clustering Linear,BSSMOTE w/o ADASYN Linear,6.0,5.771589e-03,2.624512e-01,False
LightGBM,Precision,BSSMOTE w/o Clustering Linear,BSSMOTE w/o ADASYN RBF,6.0,5.771589e-03,2.624512e-01,False
LightGBM,Precision,BSSMOTE w/o Clustering Linear,BSSMOTE w/o SVM,4.0,8.544922e-04,6.237793e-02,False
LightGBM,Precision,BSSMOTE w/o Clustering RBF,BSSMOTE w/o ADASYN Linear,10.0,5.249023e-03,2.624512e-01,False
LightGBM,Precision,BSSMOTE w/o Clustering RBF,BSSMOTE w/o ADASYN RBF,7.0,2.319336e-03,1.414795e-01,False
LightGBM,Precision,BSSMOTE w/o Clustering RBF,BSSMOTE w/o SVM,6.0,1.708984e-03,1.162109e-01,False
LightGBM,Precision,BSSMOTE w/o ADASYN Linear,BSSMOTE w/o ADASYN RBF,38.0,6.001795e-01,1.000000e+00,False
LightGBM,Precision,BSSMOTE w/o ADASYN Linear,BSSMOTE w/o SVM,3.0,1.882297e-03,1.179003e-01,False
LightGBM,Precision,BSSMOTE w/o ADASYN RBF,BSSMOTE w/o SVM,5.0,1.220703e-03,8.666992e-02,False
LightGBM,Recall,None,SMOTE,2.0,3.662109e-04,2.783203e-02,True
LightGBM,Recall,None,ADASYN,0.0,1.473781e-03,1.031647e-01,False
LightGBM,Recall,None,BorderlineSMOTE,6.0,5.771589e-03,2.539499e-01,False
LightGBM,Recall,None,KMeansSMOTE,4.0,3.728595e-03,1.864298e-01,False
LightGBM,Recall,None,SVMSMOTE,0.0,1.473781e-03,1.031647e-01,False
LightGBM,Recall,None,Full BSSMOTE Linear,2.0,2.365577e-03,1.277412e-01,False
LightGBM,Recall,None,Full BSSMOTE RBF,1.0,2.441406e-04,1.879883e-02,True
LightGBM,Recall,None,BSSMOTE w/o Clustering Linear,32.0,9.291528e-01,1.000000e+00,False
LightGBM,Recall,None,BSSMOTE w/o Clustering RBF,13.0,1.074219e-02,3.974609e-01,False
LightGBM,Recall,None,BSSMOTE w/o ADASYN Linear,0.0,1.473781e-03,1.031647e-01,False
LightGBM,Recall,None,BSSMOTE w/o ADASYN RBF,5.0,4.649434e-03,2.185234e-01,False
LightGBM,Recall,None,BSSMOTE w/o SVM,0.0,1.473781e-03,1.031647e-01,False
LightGBM,Recall,SMOTE,ADASYN,22.0,5.798340e-02,1.000000e+00,False
LightGBM,Recall,SMOTE,BorderlineSMOTE,47.0,7.608643e-01,1.000000e+00,False
LightGBM,Recall,SMOTE,KMeansSMOTE,9.0,4.028320e-03,1.933594e-01,False
LightGBM,Recall,SMOTE,SVMSMOTE,38.0,6.001795e-01,1.000000e+00,False
LightGBM,Recall,SMOTE,Full BSSMOTE Linear,32.0,2.165527e-01,1.000000e+00,False
LightGBM,Recall,SMOTE,Full BSSMOTE RBF,29.0,1.530762e-01,1.000000e+00,False
LightGBM,Recall,SMOTE,BSSMOTE w/o Clustering Linear,2.0,3.662109e-04,2.783203e-02,True
LightGBM,Recall,SMOTE,BSSMOTE w/o Clustering RBF,4.0,8.544922e-04,6.237793e-02,False
LightGBM,Recall,SMOTE,BSSMOTE w/o ADASYN Linear,27.0,1.960510e-01,1.000000e+00,False
LightGBM,Recall,SMOTE,BSSMOTE w/o ADASYN RBF,32.0,2.165527e-01,1.000000e+00,False
LightGBM,Recall,SMOTE,BSSMOTE w/o SVM,4.0,8.544922e-04,6.237793e-02,False
LightGBM,Recall,ADASYN,BorderlineSMOTE,12.0,1.922344e-02,6.535969e-01,False
LightGBM,Recall,ADASYN,KMeansSMOTE,1.0,2.873414e-03,1.494175e-01,False
LightGBM,Recall,ADASYN,SVMSMOTE,17.0,4.639946e-02,1.000000e+00,False
LightGBM,Recall,ADASYN,Full BSSMOTE Linear,50.0,9.031982e-01,1.000000e+00,False
LightGBM,Recall,ADASYN,Full BSSMOTE RBF,48.0,8.077393e-01,1.000000e+00,False
LightGBM,Recall,ADASYN,BSSMOTE w/o Clustering Linear,0.0,1.473781e-03,1.031647e-01,False
LightGBM,Recall,ADASYN,BSSMOTE w/o Clustering RBF,3.0,6.103516e-04,4.516602e-02,True
LightGBM,Recall,ADASYN,BSSMOTE w/o ADASYN Linear,37.0,8.753292e-01,1.000000e+00,False
LightGBM,Recall,ADASYN,BSSMOTE w/o ADASYN RBF,29.0,7.221077e-01,1.000000e+00,False
LightGBM,Recall,ADASYN,BSSMOTE w/o SVM,4.0,6.039559e-03,2.539499e-01,False
LightGBM,Recall,BorderlineSMOTE,KMeansSMOTE,15.0,3.304694e-02,1.000000e+00,False
LightGBM,Recall,BorderlineSMOTE,SVMSMOTE,42.0,8.067663e-01,1.000000e+00,False
LightGBM,Recall,BorderlineSMOTE,Full BSSMOTE Linear,39.0,4.262695e-01,1.000000e+00,False
LightGBM,Recall,BorderlineSMOTE,Full BSSMOTE RBF,27.0,1.960510e-01,1.000000e+00,False
LightGBM,Recall,BorderlineSMOTE,BSSMOTE w/o Clustering Linear,1.0,1.871433e-03,1.085431e-01,False
LightGBM,Recall,BorderlineSMOTE,BSSMOTE w/o Clustering RBF,14.0,1.342773e-02,4.717301e-01,False
LightGBM,Recall,BorderlineSMOTE,BSSMOTE w/o ADASYN Linear,30.0,2.787074e-01,1.000000e+00,False
LightGBM,Recall,BorderlineSMOTE,BSSMOTE w/o ADASYN RBF,27.0,1.960510e-01,1.000000e+00,False
LightGBM,Recall,BorderlineSMOTE,BSSMOTE w/o SVM,0.0,1.473781e-03,1.031647e-01,False
LightGBM,Recall,KMeansSMOTE,SVMSMOTE,8.0,8.774633e-03,3.334361e-01,False
LightGBM,Recall,KMeansSMOTE,Full BSSMOTE Linear,18.0,2.954102e-02,9.453125e-01,False
LightGBM,Recall,KMeansSMOTE,Full BSSMOTE RBF,10.0,5.249023e-03,2.362061e-01,False
LightGBM,Recall,KMeansSMOTE,BSSMOTE w/o Clustering Linear,6.0,5.771589e-03,2.539499e-01,False
LightGBM,Recall,KMeansSMOTE,BSSMOTE w/o Clustering RBF,35.0,4.630710e-01,1.000000e+00,False
LightGBM,Recall,KMeansSMOTE,BSSMOTE w/o ADASYN Linear,7.0,7.132414e-03,2.781641e-01,False
LightGBM,Recall,KMeansSMOTE,BSSMOTE w/o ADASYN RBF,12.0,1.922344e-02,6.535969e-01,False
LightGBM,Recall,KMeansSMOTE,BSSMOTE w/o SVM,1.0,1.871433e-03,1.085431e-01,False
LightGBM,Recall,SVMSMOTE,Full BSSMOTE Linear,43.0,5.830078e-01,1.000000e+00,False
LightGBM,Recall,SVMSMOTE,Full BSSMOTE RBF,39.0,4.262695e-01,1.000000e+00,False
LightGBM,Recall,SVMSMOTE,BSSMOTE w/o Clustering Linear,0.0,1.473781e-03,1.031647e-01,False
LightGBM,Recall,SVMSMOTE,BSSMOTE w/o Clustering RBF,0.0,1.473781e-03,1.031647e-01,False
LightGBM,Recall,SVMSMOTE,BSSMOTE w/o ADASYN Linear,27.0,3.465217e-01,1.000000e+00,False
LightGBM,Recall,SVMSMOTE,BSSMOTE w/o ADASYN RBF,34.0,4.215789e-01,1.000000e+00,False
LightGBM,Recall,SVMSMOTE,BSSMOTE w/o SVM,4.0,3.728595e-03,1.864298e-01,False
LightGBM,Recall,Full BSSMOTE Linear,Full BSSMOTE RBF,17.0,4.639946e-02,1.000000e+00,False
LightGBM,Recall,Full BSSMOTE Linear,BSSMOTE w/o Clustering Linear,7.0,2.319336e-03,1.275635e-01,False
LightGBM,Recall,Full BSSMOTE Linear,BSSMOTE w/o Clustering RBF,10.0,1.310361e-02,4.717301e-01,False
LightGBM,Recall,Full BSSMOTE Linear,BSSMOTE w/o ADASYN Linear,47.5,7.535516e-01,1.000000e+00,False
LightGBM,Recall,Full BSSMOTE Linear,BSSMOTE w/o ADASYN RBF,36.0,8.139453e-01,1.000000e+00,False
LightGBM,Recall,Full BSSMOTE Linear,BSSMOTE w/o SVM,0.0,1.220703e-04,9.521484e-03,True
LightGBM,Recall,Full BSSMOTE RBF,BSSMOTE w/o Clustering Linear,1.0,1.871433e-03,1.085431e-01,False
LightGBM,Recall,Full BSSMOTE RBF,BSSMOTE w/o Clustering RBF,2.0,2.365577e-03,1.277412e-01,False
LightGBM,Recall,Full BSSMOTE RBF,BSSMOTE w/o ADASYN Linear,29.0,2.487194e-01,1.000000e+00,False
LightGBM,Recall,Full BSSMOTE RBF,BSSMOTE w/o ADASYN RBF,24.0,1.329573e-01,1.000000e+00,False
LightGBM,Recall,Full BSSMOTE RBF,BSSMOTE w/o SVM,5.0,4.649434e-03,2.185234e-01,False
LightGBM,Recall,BSSMOTE w/o Clustering Linear,BSSMOTE w/o Clustering RBF,25.0,9.057617e-02,1.000000e+00,False
LightGBM,Recall,BSSMOTE w/o Clustering Linear,BSSMOTE w/o ADASYN Linear,0.0,1.473781e-03,1.031647e-01,False
LightGBM,Recall,BSSMOTE w/o Clustering Linear,BSSMOTE w/o ADASYN RBF,6.0,5.771589e-03,2.539499e-01,False
LightGBM,Recall,BSSMOTE w/o Clustering Linear,BSSMOTE w/o SVM,0.0,1.473781e-03,1.031647e-01,False
LightGBM,Recall,BSSMOTE w/o Clustering RBF,BSSMOTE w/o ADASYN Linear,0.0,1.473781e-03,1.031647e-01,False
LightGBM,Recall,BSSMOTE w/o Clustering RBF,BSSMOTE w/o ADASYN RBF,11.0,6.713867e-03,2.685547e-01,False
LightGBM,Recall,BSSMOTE w/o Clustering RBF,BSSMOTE w/o SVM,1.5,1.362926e-03,9.676775e-02,False
LightGBM,Recall,BSSMOTE w/o ADASYN Linear,BSSMOTE w/o ADASYN RBF,33.0,6.378702e-01,1.000000e+00,False
LightGBM,Recall,BSSMOTE w/o ADASYN Linear,BSSMOTE w/o SVM,3.0,2.976637e-03,1.518085e-01,False
LightGBM,Recall,BSSMOTE w/o ADASYN RBF,BSSMOTE w/o SVM,0.0,1.473781e-03,1.031647e-01,False
LightGBM,AUC_PR,None,SMOTE,21.0,4.943848e-02,1.000000e+00,False
LightGBM,AUC_PR,None,ADASYN,14.5,1.702839e-02,1.000000e+00,False
LightGBM,AUC_PR,None,BorderlineSMOTE,14.5,1.702839e-02,1.000000e+00,False
LightGBM,AUC_PR,None,KMeansSMOTE,43.0,5.830078e-01,1.000000e+00,False
LightGBM,AUC_PR,None,SVMSMOTE,49.0,8.552246e-01,1.000000e+00,False
LightGBM,AUC_PR,None,Full BSSMOTE Linear,18.0,2.954102e-02,1.000000e+00,False
LightGBM,AUC_PR,None,Full BSSMOTE RBF,23.0,6.762695e-02,1.000000e+00,False
LightGBM,AUC_PR,None,BSSMOTE w/o Clustering Linear,39.0,4.262695e-01,1.000000e+00,False
LightGBM,AUC_PR,None,BSSMOTE w/o Clustering RBF,24.0,7.849121e-02,1.000000e+00,False
LightGBM,AUC_PR,None,BSSMOTE w/o ADASYN Linear,25.0,9.057617e-02,1.000000e+00,False
LightGBM,AUC_PR,None,BSSMOTE w/o ADASYN RBF,25.0,9.057617e-02,1.000000e+00,False
LightGBM,AUC_PR,None,BSSMOTE w/o SVM,20.0,4.187012e-02,1.000000e+00,False
LightGBM,AUC_PR,SMOTE,ADASYN,32.0,2.165527e-01,1.000000e+00,False
LightGBM,AUC_PR,SMOTE,BorderlineSMOTE,36.0,3.258057e-01,1.000000e+00,False
LightGBM,AUC_PR,SMOTE,KMeansSMOTE,38.0,3.909912e-01,1.000000e+00,False
LightGBM,AUC_PR,SMOTE,SVMSMOTE,33.0,2.412109e-01,1.000000e+00,False
LightGBM,AUC_PR,SMOTE,Full BSSMOTE Linear,31.0,1.937256e-01,1.000000e+00,False
LightGBM,AUC_PR,SMOTE,Full BSSMOTE RBF,32.0,2.165527e-01,1.000000e+00,False
LightGBM,AUC_PR,SMOTE,BSSMOTE w/o Clustering Linear,23.0,6.762695e-02,1.000000e+00,False
LightGBM,AUC_PR,SMOTE,BSSMOTE w/o Clustering RBF,1.0,2.441406e-04,1.904297e-02,True
LightGBM,AUC_PR,SMOTE,BSSMOTE w/o ADASYN Linear,42.0,5.416260e-01,1.000000e+00,False
LightGBM,AUC_PR,SMOTE,BSSMOTE w/o ADASYN RBF,41.0,5.015869e-01,1.000000e+00,False
LightGBM,AUC_PR,SMOTE,BSSMOTE w/o SVM,33.0,2.412109e-01,1.000000e+00,False
LightGBM,AUC_PR,ADASYN,BorderlineSMOTE,51.0,9.515381e-01,1.000000e+00,False
LightGBM,AUC_PR,ADASYN,KMeansSMOTE,30.5,1.671490e-01,1.000000e+00,False
LightGBM,AUC_PR,ADASYN,SVMSMOTE,27.0,1.188965e-01,1.000000e+00,False
LightGBM,AUC_PR,ADASYN,Full BSSMOTE Linear,37.0,3.575439e-01,1.000000e+00,False
LightGBM,AUC_PR,ADASYN,Full BSSMOTE RBF,36.0,3.258057e-01,1.000000e+00,False
LightGBM,AUC_PR,ADASYN,BSSMOTE w/o Clustering Linear,27.0,1.188965e-01,1.000000e+00,False
LightGBM,AUC_PR,ADASYN,BSSMOTE w/o Clustering RBF,6.0,1.708984e-03,1.298828e-01,False
LightGBM,AUC_PR,ADASYN,BSSMOTE w/o ADASYN Linear,49.0,8.552246e-01,1.000000e+00,False
LightGBM,AUC_PR,ADASYN,BSSMOTE w/o ADASYN RBF,47.0,7.608643e-01,1.000000e+00,False
LightGBM,AUC_PR,ADASYN,BSSMOTE w/o SVM,36.0,3.258057e-01,1.000000e+00,False
LightGBM,AUC_PR,BorderlineSMOTE,KMeansSMOTE,33.0,2.412109e-01,1.000000e+00,False
LightGBM,AUC_PR,BorderlineSMOTE,SVMSMOTE,13.0,1.074219e-02,7.949219e-01,False
LightGBM,AUC_PR,BorderlineSMOTE,Full BSSMOTE Linear,28.0,1.352539e-01,1.000000e+00,False
LightGBM,AUC_PR,BorderlineSMOTE,Full BSSMOTE RBF,31.5,1.872925e-01,1.000000e+00,False
LightGBM,AUC_PR,BorderlineSMOTE,BSSMOTE w/o Clustering Linear,10.0,5.249023e-03,3.936768e-01,False
LightGBM,AUC_PR,BorderlineSMOTE,BSSMOTE w/o Clustering RBF,5.0,1.220703e-03,9.399414e-02,False
LightGBM,AUC_PR,BorderlineSMOTE,BSSMOTE w/o ADASYN Linear,40.0,4.631348e-01,1.000000e+00,False
LightGBM,AUC_PR,BorderlineSMOTE,BSSMOTE w/o ADASYN RBF,39.0,4.262695e-01,1.000000e+00,False
LightGBM,AUC_PR,BorderlineSMOTE,BSSMOTE w/o SVM,27.0,1.188965e-01,1.000000e+00,False
LightGBM,AUC_PR,KMeansSMOTE,SVMSMOTE,51.0,9.515381e-01,1.000000e+00,False
LightGBM,AUC_PR,KMeansSMOTE,Full BSSMOTE Linear,18.0,2.954102e-02,1.000000e+00,False
LightGBM,AUC_PR,KMeansSMOTE,Full BSSMOTE RBF,29.0,1.530762e-01,1.000000e+00,False
LightGBM,AUC_PR,KMeansSMOTE,BSSMOTE w/o Clustering Linear,38.0,3.909912e-01,1.000000e+00,False
LightGBM,AUC_PR,KMeansSMOTE,BSSMOTE w/o Clustering RBF,25.0,9.057617e-02,1.000000e+00,False
LightGBM,AUC_PR,KMeansSMOTE,BSSMOTE w/o ADASYN Linear,42.0,5.416260e-01,1.000000e+00,False
LightGBM,AUC_PR,KMeansSMOTE,BSSMOTE w/o ADASYN RBF,42.0,5.416260e-01,1.000000e+00,False
LightGBM,AUC_PR,KMeansSMOTE,BSSMOTE w/o SVM,22.0,5.798340e-02,1.000000e+00,False
LightGBM,AUC_PR,SVMSMOTE,Full BSSMOTE Linear,17.0,2.453613e-02,1.000000e+00,False
LightGBM,AUC_PR,SVMSMOTE,Full BSSMOTE RBF,22.0,5.798340e-02,1.000000e+00,False
LightGBM,AUC_PR,SVMSMOTE,BSSMOTE w/o Clustering Linear,30.5,1.671490e-01,1.000000e+00,False
LightGBM,AUC_PR,SVMSMOTE,BSSMOTE w/o Clustering RBF,26.0,1.040039e-01,1.000000e+00,False
LightGBM,AUC_PR,SVMSMOTE,BSSMOTE w/o ADASYN Linear,26.0,1.040039e-01,1.000000e+00,False
LightGBM,AUC_PR,SVMSMOTE,BSSMOTE w/o ADASYN RBF,26.0,1.040039e-01,1.000000e+00,False
LightGBM,AUC_PR,SVMSMOTE,BSSMOTE w/o SVM,15.0,1.660156e-02,1.000000e+00,False
LightGBM,AUC_PR,Full BSSMOTE Linear,Full BSSMOTE RBF,46.0,7.148438e-01,1.000000e+00,False
LightGBM,AUC_PR,Full BSSMOTE Linear,BSSMOTE w/o Clustering Linear,13.0,1.074219e-02,7.949219e-01,False
LightGBM,AUC_PR,Full BSSMOTE Linear,BSSMOTE w/o Clustering RBF,13.0,1.074219e-02,7.949219e-01,False
LightGBM,AUC_PR,Full BSSMOTE Linear,BSSMOTE w/o ADASYN Linear,27.0,1.188965e-01,1.000000e+00,False
LightGBM,AUC_PR,Full BSSMOTE Linear,BSSMOTE w/o ADASYN RBF,27.0,1.959144e-01,1.000000e+00,False
LightGBM,AUC_PR,Full BSSMOTE Linear,BSSMOTE w/o SVM,51.5,9.499322e-01,1.000000e+00,False
LightGBM,AUC_PR,Full BSSMOTE RBF,BSSMOTE w/o Clustering Linear,21.0,4.943848e-02,1.000000e+00,False
LightGBM,AUC_PR,Full BSSMOTE RBF,BSSMOTE w/o Clustering RBF,14.0,1.342773e-02,9.399414e-01,False
LightGBM,AUC_PR,Full BSSMOTE RBF,BSSMOTE w/o ADASYN Linear,35.0,2.957764e-01,1.000000e+00,False
LightGBM,AUC_PR,Full BSSMOTE RBF,BSSMOTE w/o ADASYN RBF,20.0,4.187012e-02,1.000000e+00,False
LightGBM,AUC_PR,Full BSSMOTE RBF,BSSMOTE w/o SVM,30.0,1.726074e-01,1.000000e+00,False
LightGBM,AUC_PR,BSSMOTE w/o Clustering Linear,BSSMOTE w/o Clustering RBF,43.0,5.830078e-01,1.000000e+00,False
LightGBM,AUC_PR,BSSMOTE w/o Clustering Linear,BSSMOTE w/o ADASYN Linear,18.0,2.954102e-02,1.000000e+00,False
LightGBM,AUC_PR,BSSMOTE w/o Clustering Linear,BSSMOTE w/o ADASYN RBF,17.0,2.453613e-02,1.000000e+00,False
LightGBM,AUC_PR,BSSMOTE w/o Clustering Linear,BSSMOTE w/o SVM,19.0,3.527832e-02,1.000000e+00,False
LightGBM,AUC_PR,BSSMOTE w/o Clustering RBF,BSSMOTE w/o ADASYN Linear,18.0,2.954102e-02,1.000000e+00,False
LightGBM,AUC_PR,BSSMOTE w/o Clustering RBF,BSSMOTE w/o ADASYN RBF,17.0,2.453613e-02,1.000000e+00,False
LightGBM,AUC_PR,BSSMOTE w/o Clustering RBF,BSSMOTE w/o SVM,13.0,1.074219e-02,7.949219e-01,False
LightGBM,AUC_PR,BSSMOTE w/o ADASYN Linear,BSSMOTE w/o ADASYN RBF,29.0,1.530762e-01,1.000000e+00,False
LightGBM,AUC_PR,BSSMOTE w/o ADASYN Linear,BSSMOTE w/o SVM,43.0,5.830078e-01,1.000000e+00,False
LightGBM,AUC_PR,BSSMOTE w/o ADASYN RBF,BSSMOTE w/o SVM,43.5,5.719870e-01,1.000000e+00,False
LightGBM,GMean,None,SMOTE,6.0,1.708984e-03,1.264648e-01,False
LightGBM,GMean,None,ADASYN,6.0,1.708984e-03,1.264648e-01,False
LightGBM,GMean,None,BorderlineSMOTE,8.0,8.774633e-03,5.725098e-01,False
LightGBM,GMean,None,KMeansSMOTE,7.0,7.132414e-03,4.850041e-01,False
LightGBM,GMean,None,SVMSMOTE,3.0,6.103516e-04,4.638672e-02,True
LightGBM,GMean,None,Full BSSMOTE Linear,19.0,3.527832e-02,1.000000e+00,False
LightGBM,GMean,None,Full BSSMOTE RBF,12.0,8.544922e-03,5.725098e-01,False
LightGBM,GMean,None,BSSMOTE w/o Clustering Linear,35.0,4.630710e-01,1.000000e+00,False
LightGBM,GMean,None,BSSMOTE w/o Clustering RBF,24.0,7.849121e-02,1.000000e+00,False
LightGBM,GMean,None,BSSMOTE w/o ADASYN Linear,9.0,1.074678e-02,6.875000e-01,False
LightGBM,GMean,None,BSSMOTE w/o ADASYN RBF,18.0,5.462394e-02,1.000000e+00,False
LightGBM,GMean,None,BSSMOTE w/o SVM,12.0,8.544922e-03,5.725098e-01,False
LightGBM,GMean,SMOTE,ADASYN,40.0,4.631348e-01,1.000000e+00,False
LightGBM,GMean,SMOTE,BorderlineSMOTE,44.0,6.257324e-01,1.000000e+00,False
LightGBM,GMean,SMOTE,KMeansSMOTE,16.0,2.026367e-02,1.000000e+00,False
LightGBM,GMean,SMOTE,SVMSMOTE,48.0,8.077393e-01,1.000000e+00,False
LightGBM,GMean,SMOTE,Full BSSMOTE Linear,44.0,6.257324e-01,1.000000e+00,False
LightGBM,GMean,SMOTE,Full BSSMOTE RBF,45.0,9.721253e-01,1.000000e+00,False
LightGBM,GMean,SMOTE,BSSMOTE w/o Clustering Linear,6.0,1.708984e-03,1.264648e-01,False
LightGBM,GMean,SMOTE,BSSMOTE w/o Clustering RBF,10.0,5.249023e-03,3.726807e-01,False
LightGBM,GMean,SMOTE,BSSMOTE w/o ADASYN Linear,43.0,8.613043e-01,1.000000e+00,False
LightGBM,GMean,SMOTE,BSSMOTE w/o ADASYN RBF,45.0,6.697998e-01,1.000000e+00,False
LightGBM,GMean,SMOTE,BSSMOTE w/o SVM,30.0,1.726074e-01,1.000000e+00,False
LightGBM,GMean,ADASYN,BorderlineSMOTE,33.0,2.412109e-01,1.000000e+00,False
LightGBM,GMean,ADASYN,KMeansSMOTE,13.0,1.074219e-02,6.875000e-01,False
LightGBM,GMean,ADASYN,SVMSMOTE,33.0,2.412109e-01,1.000000e+00,False
LightGBM,GMean,ADASYN,Full BSSMOTE Linear,37.0,3.575439e-01,1.000000e+00,False
LightGBM,GMean,ADASYN,Full BSSMOTE RBF,42.0,5.416260e-01,1.000000e+00,False
LightGBM,GMean,ADASYN,BSSMOTE w/o Clustering Linear,2.0,1.519186e-03,1.139389e-01,False
LightGBM,GMean,ADASYN,BSSMOTE w/o Clustering RBF,13.0,1.074219e-02,6.875000e-01,False
LightGBM,GMean,ADASYN,BSSMOTE w/o ADASYN Linear,42.0,5.416260e-01,1.000000e+00,False
LightGBM,GMean,ADASYN,BSSMOTE w/o ADASYN RBF,41.0,5.015869e-01,1.000000e+00,False
LightGBM,GMean,ADASYN,BSSMOTE w/o SVM,32.0,2.165527e-01,1.000000e+00,False
LightGBM,GMean,BorderlineSMOTE,KMeansSMOTE,17.0,4.639946e-02,1.000000e+00,False
LightGBM,GMean,BorderlineSMOTE,SVMSMOTE,46.0,7.148438e-01,1.000000e+00,False
LightGBM,GMean,BorderlineSMOTE,Full BSSMOTE Linear,48.0,8.077393e-01,1.000000e+00,False
LightGBM,GMean,BorderlineSMOTE,Full BSSMOTE RBF,51.0,9.515381e-01,1.000000e+00,False
LightGBM,GMean,BorderlineSMOTE,BSSMOTE w/o Clustering Linear,6.0,5.771589e-03,3.982396e-01,False
LightGBM,GMean,BorderlineSMOTE,BSSMOTE w/o Clustering RBF,16.0,2.026367e-02,1.000000e+00,False
LightGBM,GMean,BorderlineSMOTE,BSSMOTE w/o ADASYN Linear,45.0,9.721253e-01,1.000000e+00,False
LightGBM,GMean,BorderlineSMOTE,BSSMOTE w/o ADASYN RBF,40.0,7.007034e-01,1.000000e+00,False
LightGBM,GMean,BorderlineSMOTE,BSSMOTE w/o SVM,23.0,6.762695e-02,1.000000e+00,False
LightGBM,GMean,KMeansSMOTE,SVMSMOTE,15.0,1.660156e-02,9.960938e-01,False
LightGBM,GMean,KMeansSMOTE,Full BSSMOTE Linear,31.0,1.937256e-01,1.000000e+00,False
LightGBM,GMean,KMeansSMOTE,Full BSSMOTE RBF,30.0,1.726074e-01,1.000000e+00,False
LightGBM,GMean,KMeansSMOTE,BSSMOTE w/o Clustering Linear,12.0,1.922344e-02,1.000000e+00,False
LightGBM,GMean,KMeansSMOTE,BSSMOTE w/o Clustering RBF,37.0,3.575439e-01,1.000000e+00,False
LightGBM,GMean,KMeansSMOTE,BSSMOTE w/o ADASYN Linear,21.0,8.686008e-02,1.000000e+00,False
LightGBM,GMean,KMeansSMOTE,BSSMOTE w/o ADASYN RBF,27.0,1.960510e-01,1.000000e+00,False
LightGBM,GMean,KMeansSMOTE,BSSMOTE w/o SVM,16.0,2.026367e-02,1.000000e+00,False
LightGBM,GMean,SVMSMOTE,Full BSSMOTE Linear,29.0,1.530762e-01,1.000000e+00,False
LightGBM,GMean,SVMSMOTE,Full BSSMOTE RBF,41.0,5.015869e-01,1.000000e+00,False
LightGBM,GMean,SVMSMOTE,BSSMOTE w/o Clustering Linear,1.0,2.441406e-04,1.879883e-02,True
LightGBM,GMean,SVMSMOTE,BSSMOTE w/o Clustering RBF,0.0,1.220703e-04,9.521484e-03,True
LightGBM,GMean,SVMSMOTE,BSSMOTE w/o ADASYN Linear,40.0,4.631348e-01,1.000000e+00,False
LightGBM,GMean,SVMSMOTE,BSSMOTE w/o ADASYN RBF,42.0,5.416260e-01,1.000000e+00,False
LightGBM,GMean,SVMSMOTE,BSSMOTE w/o SVM,34.0,2.675781e-01,1.000000e+00,False
LightGBM,GMean,Full BSSMOTE Linear,Full BSSMOTE RBF,27.0,1.188965e-01,1.000000e+00,False
LightGBM,GMean,Full BSSMOTE Linear,BSSMOTE w/o Clustering Linear,20.0,4.187012e-02,1.000000e+00,False
LightGBM,GMean,Full BSSMOTE Linear,BSSMOTE w/o Clustering RBF,32.0,2.165527e-01,1.000000e+00,False
LightGBM,GMean,Full BSSMOTE Linear,BSSMOTE w/o ADASYN Linear,46.5,7.063581e-01,1.000000e+00,False
LightGBM,GMean,Full BSSMOTE Linear,BSSMOTE w/o ADASYN RBF,51.0,9.515381e-01,1.000000e+00,False
LightGBM,GMean,Full BSSMOTE Linear,BSSMOTE w/o SVM,17.0,2.453613e-02,1.000000e+00,False
LightGBM,GMean,Full BSSMOTE RBF,BSSMOTE w/o Clustering Linear,18.0,2.954102e-02,1.000000e+00,False
LightGBM,GMean,Full BSSMOTE RBF,BSSMOTE w/o Clustering RBF,23.0,6.762695e-02,1.000000e+00,False
LightGBM,GMean,Full BSSMOTE RBF,BSSMOTE w/o ADASYN Linear,45.0,6.697998e-01,1.000000e+00,False
LightGBM,GMean,Full BSSMOTE RBF,BSSMOTE w/o ADASYN RBF,30.0,1.726074e-01,1.000000e+00,False
LightGBM,GMean,Full BSSMOTE RBF,BSSMOTE w/o SVM,23.0,6.762695e-02,1.000000e+00,False
LightGBM,GMean,BSSMOTE w/o Clustering Linear,BSSMOTE w/o Clustering RBF,28.0,1.352539e-01,1.000000e+00,False
LightGBM,GMean,BSSMOTE w/o Clustering Linear,BSSMOTE w/o ADASYN Linear,11.0,1.590644e-02,9.702931e-01,False
LightGBM,GMean,BSSMOTE w/o Clustering Linear,BSSMOTE w/o ADASYN RBF,18.0,5.462394e-02,1.000000e+00,False
LightGBM,GMean,BSSMOTE w/o Clustering Linear,BSSMOTE w/o SVM,10.0,5.249023e-03,3.726807e-01,False
LightGBM,GMean,BSSMOTE w/o Clustering RBF,BSSMOTE w/o ADASYN Linear,17.0,2.453613e-02,1.000000e+00,False
LightGBM,GMean,BSSMOTE w/o Clustering RBF,BSSMOTE w/o ADASYN RBF,29.0,1.530762e-01,1.000000e+00,False
LightGBM,GMean,BSSMOTE w/o Clustering RBF,BSSMOTE w/o SVM,19.0,3.527832e-02,1.000000e+00,False
LightGBM,GMean,BSSMOTE w/o ADASYN Linear,BSSMOTE w/o ADASYN RBF,45.0,9.721253e-01,1.000000e+00,False
LightGBM,GMean,BSSMOTE w/o ADASYN Linear,BSSMOTE w/o SVM,20.0,4.187012e-02,1.000000e+00,False
LightGBM,GMean,BSSMOTE w/o ADASYN RBF,BSSMOTE w/o SVM,16.0,2.026367e-02,1.000000e+00,False
